date,time,away_rest,away_team,home_team,home_rest,arena,away_spread,home_spread
"Oct 22, 2019",8:00pm,,New Orleans Pelicans,Toronto Raptors,,,,
"Oct 22, 2019",10:30pm,,Los Angeles Lakers,Los Angeles Clippers,,,,
"Oct 23, 2019",7:00pm,,Cleveland Cavaliers,Orlando Magic,,,,
"Oct 23, 2019",7:00pm,,Detroit Pistons,Indiana Pacers,,,,
"Oct 23, 2019",7:00pm,,Chicago Bulls,Charlotte Hornets,,,,
"Oct 23, 2019",7:30pm,,Memphis Grizzlies,Miami Heat,,,,
"Oct 23, 2019",7:30pm,,Minnesota Timberwolves,Brooklyn Nets,,,,
"Oct 23, 2019",7:30pm,,Boston Celtics,Philadelphia 76ers,,,,
"Oct 23, 2019",8:30pm,,Washington Wizards,Dallas Mavericks,,,,
"Oct 23, 2019",8:30pm,,New York Knicks,San Antonio Spurs,,,,
"Oct 23, 2019",9:00pm,,Oklahoma City Thunder,Utah Jazz,,,,
"Oct 23, 2019",10:00pm,,Denver Nuggets,Portland Trail Blazers,,,,
"Oct 23, 2019",10:00pm,,Sacramento Kings,Phoenix Suns,,,,
"Oct 24, 2019",7:00pm,,Atlanta Hawks,Detroit Pistons,,,,
"Oct 24, 2019",8:00pm,,Milwaukee Bucks,Houston Rockets,,,,
"Oct 24, 2019",10:30pm,,Los Angeles Clippers,Golden State Warriors,,,,
"Oct 25, 2019",7:00pm,,Toronto Raptors,Boston Celtics,,,,
"Oct 25, 2019",7:00pm,,Minnesota Timberwolves,Charlotte Hornets,,,,
"Oct 25, 2019",7:30pm,,New York Knicks,Brooklyn Nets,,,,
"Oct 25, 2019",8:00pm,,Washington Wizards,Oklahoma City Thunder,,,,
"Oct 25, 2019",8:00pm,,Dallas Mavericks,New Orleans Pelicans,,,,
"Oct 25, 2019",8:00pm,,Chicago Bulls,Memphis Grizzlies,,,,
"Oct 25, 2019",9:00pm,,Phoenix Suns,Denver Nuggets,,,,
"Oct 25, 2019",10:00pm,,Portland Trail Blazers,Sacramento Kings,,,,
"Oct 25, 2019",10:30pm,,Utah Jazz,Los Angeles Lakers,,,,
"Oct 26, 2019",5:00pm,,Miami Heat,Milwaukee Bucks,,,,
"Oct 26, 2019",7:00pm,,Philadelphia 76ers,Detroit Pistons,,,,
"Oct 26, 2019",7:30pm,,Orlando Magic,Atlanta Hawks,,,,
"Oct 26, 2019",7:30pm,,Boston Celtics,New York Knicks,,,,
"Oct 26, 2019",8:00pm,,New Orleans Pelicans,Houston Rockets,,,,
"Oct 26, 2019",8:00pm,,Indiana Pacers,Cleveland Cavaliers,,,,
"Oct 26, 2019",8:00pm,,Toronto Raptors,Chicago Bulls,,,,
"Oct 26, 2019",8:30pm,,Washington Wizards,San Antonio Spurs,,,,
"Oct 26, 2019",9:00pm,,Sacramento Kings,Utah Jazz,,,,
"Oct 26, 2019",10:00pm,,Los Angeles Clippers,Phoenix Suns,,,,
"Oct 27, 2019",3:30pm,,Golden State Warriors,Oklahoma City Thunder,,,,
"Oct 27, 2019",6:00pm,,Brooklyn Nets,Memphis Grizzlies,,,,
"Oct 27, 2019",7:00pm,,Miami Heat,Minnesota Timberwolves,,,,
"Oct 27, 2019",7:00pm,,Portland Trail Blazers,Dallas Mavericks,,,,
"Oct 27, 2019",9:30pm,,Charlotte Hornets,Los Angeles Lakers,,,,
"Oct 28, 2019",7:00pm,,Indiana Pacers,Detroit Pistons,,,,
"Oct 28, 2019",7:00pm,,Chicago Bulls,New York Knicks,,,,
"Oct 28, 2019",7:30pm,,Philadelphia 76ers,Atlanta Hawks,,,,
"Oct 28, 2019",7:30pm,,Orlando Magic,Toronto Raptors,,,,
"Oct 28, 2019",8:00pm,,Golden State Warriors,New Orleans Pelicans,,,,
"Oct 28, 2019",8:00pm,,Cleveland Cavaliers,Milwaukee Bucks,,,,
"Oct 28, 2019",8:00pm,,Oklahoma City Thunder,Houston Rockets,,,,
"Oct 28, 2019",8:30pm,,Portland Trail Blazers,San Antonio Spurs,,,,
"Oct 28, 2019",10:00pm,,Utah Jazz,Phoenix Suns,,,,
"Oct 28, 2019",10:00pm,,Denver Nuggets,Sacramento Kings,,,,
"Oct 28, 2019",10:30pm,,Charlotte Hornets,Los Angeles Clippers,,,,
"Oct 29, 2019",7:30pm,,Atlanta Hawks,Miami Heat,,,,
"Oct 29, 2019",9:00pm,,Dallas Mavericks,Denver Nuggets,,,,
"Oct 29, 2019",10:30pm,,Memphis Grizzlies,Los Angeles Lakers,,,,
"Oct 30, 2019",7:00pm,,Minnesota Timberwolves,Philadelphia 76ers,,,,
"Oct 30, 2019",7:00pm,,New York Knicks,Orlando Magic,,,,
"Oct 30, 2019",7:00pm,,Chicago Bulls,Cleveland Cavaliers,,,,
"Oct 30, 2019",7:30pm,,Detroit Pistons,Toronto Raptors,,,,
"Oct 30, 2019",7:30pm,,Indiana Pacers,Brooklyn Nets,,,,
"Oct 30, 2019",7:30pm,,Milwaukee Bucks,Boston Celtics,,,,
"Oct 30, 2019",8:00pm,,Portland Trail Blazers,Oklahoma City Thunder,,,,
"Oct 30, 2019",8:00pm,,Houston Rockets,Washington Wizards,,,,
"Oct 30, 2019",10:00pm,,Charlotte Hornets,Sacramento Kings,,,,
"Oct 30, 2019",10:00pm,,Los Angeles Clippers,Utah Jazz,,,,
"Oct 30, 2019",10:30pm,,Phoenix Suns,Golden State Warriors,,,,
"Oct 31, 2019",7:00pm,,Miami Heat,Atlanta Hawks,,,,
"Oct 31, 2019",9:30pm,,Denver Nuggets,New Orleans Pelicans,,,,
"Oct 31, 2019",10:30pm,,San Antonio Spurs,Los Angeles Clippers,,,,
"Nov 1, 2019",7:00pm,,Houston Rockets,Brooklyn Nets,,,,
"Nov 1, 2019",7:00pm,,Cleveland Cavaliers,Indiana Pacers,,,,
"Nov 1, 2019",7:00pm,,Milwaukee Bucks,Orlando Magic,,,,
"Nov 1, 2019",7:30pm,,New York Knicks,Boston Celtics,,,,
"Nov 1, 2019",8:00pm,,Detroit Pistons,Chicago Bulls,,,,
"Nov 1, 2019",9:30pm,,Los Angeles Lakers,Dallas Mavericks,,,,
"Nov 1, 2019",10:00pm,,Utah Jazz,Sacramento Kings,,,,
"Nov 1, 2019",10:30pm,,San Antonio Spurs,Golden State Warriors,,,,
"Nov 2, 2019",5:00pm,,New Orleans Pelicans,Oklahoma City Thunder,,,,
"Nov 2, 2019",7:00pm,,Brooklyn Nets,Detroit Pistons,,,,
"Nov 2, 2019",7:00pm,,Denver Nuggets,Orlando Magic,,,,
"Nov 2, 2019",8:00pm,,Phoenix Suns,Memphis Grizzlies,,,,
"Nov 2, 2019",8:00pm,,Toronto Raptors,Milwaukee Bucks,,,,
"Nov 2, 2019",8:00pm,,Minnesota Timberwolves,Washington Wizards,,,,
"Nov 2, 2019",8:30pm,,Charlotte Hornets,Golden State Warriors,,,,
"Nov 2, 2019",10:00pm,,Philadelphia 76ers,Portland Trail Blazers,,,,
"Nov 3, 2019",5:00pm,,Chicago Bulls,Indiana Pacers,,,,
"Nov 3, 2019",6:00pm,,Houston Rockets,Miami Heat,,,,
"Nov 3, 2019",6:00pm,,Sacramento Kings,New York Knicks,,,,
"Nov 3, 2019",7:00pm,,Los Angeles Lakers,San Antonio Spurs,,,,
"Nov 3, 2019",7:30pm,,Dallas Mavericks,Cleveland Cavaliers,,,,
"Nov 3, 2019",9:00pm,,Utah Jazz,Los Angeles Clippers,,,,
"Nov 4, 2019",7:00pm,,Detroit Pistons,Washington Wizards,,,,
"Nov 4, 2019",7:30pm,,New Orleans Pelicans,Brooklyn Nets,,,,
"Nov 4, 2019",8:00pm,,Houston Rockets,Memphis Grizzlies,,,,
"Nov 4, 2019",8:00pm,,Milwaukee Bucks,Minnesota Timberwolves,,,,
"Nov 4, 2019",9:00pm,,Philadelphia 76ers,Phoenix Suns,,,,
"Nov 4, 2019",10:30pm,,Portland Trail Blazers,Golden State Warriors,,,,
"Nov 5, 2019",7:00pm,,Indiana Pacers,Charlotte Hornets,,,,
"Nov 5, 2019",7:00pm,,Boston Celtics,Cleveland Cavaliers,,,,
"Nov 5, 2019",7:30pm,,San Antonio Spurs,Atlanta Hawks,,,,
"Nov 5, 2019",8:00pm,,Los Angeles Lakers,Chicago Bulls,,,,
"Nov 5, 2019",8:00pm,,Orlando Magic,Oklahoma City Thunder,,,,
"Nov 5, 2019",9:00pm,,Miami Heat,Denver Nuggets,,,,
"Nov 6, 2019",7:00pm,,New York Knicks,Detroit Pistons,,,,
"Nov 6, 2019",7:00pm,,Washington Wizards,Indiana Pacers,,,,
"Nov 6, 2019",7:30pm,,Chicago Bulls,Atlanta Hawks,,,,
"Nov 6, 2019",7:30pm,,Golden State Warriors,Houston Rockets,,,,
"Nov 6, 2019",7:30pm,,Sacramento Kings,Toronto Raptors,,,,
"Nov 6, 2019",8:00pm,,Minnesota Timberwolves,Memphis Grizzlies,,,,
"Nov 6, 2019",8:30pm,,Orlando Magic,Dallas Mavericks,,,,
"Nov 6, 2019",9:00pm,,Philadelphia 76ers,Utah Jazz,,,,
"Nov 6, 2019",10:00pm,,Milwaukee Bucks,Los Angeles Clippers,,,,
"Nov 7, 2019",8:00pm,,Boston Celtics,Charlotte Hornets,,,,
"Nov 7, 2019",8:30pm,,Oklahoma City Thunder,San Antonio Spurs,,,,
"Nov 7, 2019",9:00pm,,Miami Heat,Phoenix Suns,,,,
"Nov 7, 2019",10:30pm,,Portland Trail Blazers,Los Angeles Clippers,,,,
"Nov 8, 2019",7:00pm,,Detroit Pistons,Indiana Pacers,,,,
"Nov 8, 2019",7:00pm,,Memphis Grizzlies,Orlando Magic,,,,
"Nov 8, 2019",7:00pm,,Cleveland Cavaliers,Washington Wizards,,,,
"Nov 8, 2019",7:30pm,,Sacramento Kings,Atlanta Hawks,,,,
"Nov 8, 2019",8:00pm,,Golden State Warriors,Minnesota Timberwolves,,,,
"Nov 8, 2019",8:00pm,,Toronto Raptors,New Orleans Pelicans,,,,
"Nov 8, 2019",8:30pm,,New York Knicks,Dallas Mavericks,,,,
"Nov 8, 2019",9:00pm,,Philadelphia 76ers,Denver Nuggets,,,,
"Nov 8, 2019",9:00pm,,Milwaukee Bucks,Utah Jazz,,,,
"Nov 8, 2019",10:00pm,,Brooklyn Nets,Portland Trail Blazers,,,,
"Nov 8, 2019",10:30pm,,Miami Heat,Los Angeles Lakers,,,,
"Nov 9, 2019",5:00pm,,Boston Celtics,San Antonio Spurs,,,,
"Nov 9, 2019",7:00pm,,New Orleans Pelicans,Charlotte Hornets,,,,
"Nov 9, 2019",8:00pm,,Houston Rockets,Chicago Bulls,,,,
"Nov 9, 2019",8:00pm,,Dallas Mavericks,Memphis Grizzlies,,,,
"Nov 9, 2019",8:00pm,,Golden State Warriors,Oklahoma City Thunder,,,,
"Nov 10, 2019",3:30pm,,Denver Nuggets,Minnesota Timberwolves,,,,
"Nov 10, 2019",6:00pm,,Indiana Pacers,Orlando Magic,,,,
"Nov 10, 2019",6:00pm,,Charlotte Hornets,Philadelphia 76ers,,,,
"Nov 10, 2019",7:00pm,,Milwaukee Bucks,Oklahoma City Thunder,,,,
"Nov 10, 2019",7:30pm,,Cleveland Cavaliers,New York Knicks,,,,
"Nov 10, 2019",8:00pm,,Brooklyn Nets,Phoenix Suns,,,,
"Nov 10, 2019",9:00pm,,Atlanta Hawks,Portland Trail Blazers,,,,
"Nov 10, 2019",9:30pm,,Toronto Raptors,Los Angeles Lakers,,,,
"Nov 11, 2019",7:00pm,,Minnesota Timberwolves,Detroit Pistons,,,,
"Nov 11, 2019",7:30pm,,Dallas Mavericks,Boston Celtics,,,,
"Nov 11, 2019",8:00pm,,Houston Rockets,New Orleans Pelicans,,,,
"Nov 11, 2019",8:30pm,,Memphis Grizzlies,San Antonio Spurs,,,,
"Nov 11, 2019",10:30pm,,Utah Jazz,Golden State Warriors,,,,
"Nov 11, 2019",10:30pm,,Toronto Raptors,Los Angeles Clippers,,,,
"Nov 12, 2019",7:00pm,,Oklahoma City Thunder,Indiana Pacers,,,,
"Nov 12, 2019",7:00pm,,Cleveland Cavaliers,Philadelphia 76ers,,,,
"Nov 12, 2019",7:30pm,,Detroit Pistons,Miami Heat,,,,
"Nov 12, 2019",8:00pm,,New York Knicks,Chicago Bulls,,,,
"Nov 12, 2019",9:00pm,,Atlanta Hawks,Denver Nuggets,,,,
"Nov 12, 2019",9:00pm,,Los Angeles Lakers,Phoenix Suns,,,,
"Nov 12, 2019",9:00pm,,Brooklyn Nets,Utah Jazz,,,,
"Nov 12, 2019",10:00pm,,Portland Trail Blazers,Sacramento Kings,,,,
"Nov 13, 2019",7:00pm,,Memphis Grizzlies,Charlotte Hornets,,,,
"Nov 13, 2019",7:00pm,,Philadelphia 76ers,Orlando Magic,,,,
"Nov 13, 2019",7:30pm,,Washington Wizards,Boston Celtics,,,,
"Nov 13, 2019",7:30pm,,Los Angeles Clippers,Houston Rockets,,,,
"Nov 13, 2019",8:00pm,,San Antonio Spurs,Minnesota Timberwolves,,,,
"Nov 13, 2019",10:00pm,,Golden State Warriors,Los Angeles Lakers,,,,
"Nov 13, 2019",10:00pm,,Toronto Raptors,Portland Trail Blazers,,,,
"Nov 14, 2019",6:00pm,,Miami Heat,Cleveland Cavaliers,,,,
"Nov 14, 2019",8:00pm,,Chicago Bulls,Milwaukee Bucks,,,,
"Nov 14, 2019",8:00pm,,Los Angeles Clippers,New Orleans Pelicans,,,,
"Nov 14, 2019",8:00pm,,Dallas Mavericks,New York Knicks,,,,
"Nov 14, 2019",9:00pm,,Atlanta Hawks,Phoenix Suns,,,,
"Nov 14, 2019",10:30pm,,Brooklyn Nets,Denver Nuggets,,,,
"Nov 15, 2019",7:00pm,,Detroit Pistons,Charlotte Hornets,,,,
"Nov 15, 2019",7:00pm,,San Antonio Spurs,Orlando Magic,,,,
"Nov 15, 2019",8:00pm,,Indiana Pacers,Houston Rockets,,,,
"Nov 15, 2019",8:00pm,,Utah Jazz,Memphis Grizzlies,,,,
"Nov 15, 2019",8:00pm,,Washington Wizards,Minnesota Timberwolves,,,,
"Nov 15, 2019",8:00pm,,Philadelphia 76ers,Oklahoma City Thunder,,,,
"Nov 15, 2019",10:30pm,,Boston Celtics,Golden State Warriors,,,,
"Nov 15, 2019",10:30pm,,Sacramento Kings,Los Angeles Lakers,,,,
"Nov 16, 2019",6:00pm,,Brooklyn Nets,Chicago Bulls,,,,
"Nov 16, 2019",7:00pm,,Milwaukee Bucks,Indiana Pacers,,,,
"Nov 16, 2019",7:30pm,,Charlotte Hornets,New York Knicks,,,,
"Nov 16, 2019",8:00pm,,New Orleans Pelicans,Miami Heat,,,,
"Nov 16, 2019",8:00pm,,Houston Rockets,Minnesota Timberwolves,,,,
"Nov 16, 2019",8:30pm,,Toronto Raptors,Dallas Mavericks,,,,
"Nov 16, 2019",8:30pm,,Portland Trail Blazers,San Antonio Spurs,,,,
"Nov 16, 2019",10:30pm,,Atlanta Hawks,Los Angeles Clippers,,,,
"Nov 17, 2019",3:00pm,,Philadelphia 76ers,Cleveland Cavaliers,,,,
"Nov 17, 2019",3:30pm,,Boston Celtics,Sacramento Kings,,,,
"Nov 17, 2019",6:00pm,,Denver Nuggets,Memphis Grizzlies,,,,
"Nov 17, 2019",6:00pm,,Washington Wizards,Orlando Magic,,,,
"Nov 17, 2019",7:00pm,,Golden State Warriors,New Orleans Pelicans,,,,
"Nov 17, 2019",9:30pm,,Atlanta Hawks,Los Angeles Lakers,,,,
"Nov 18, 2019",7:00pm,,Cleveland Cavaliers,New York Knicks,,,,
"Nov 18, 2019",7:30pm,,Indiana Pacers,Brooklyn Nets,,,,
"Nov 18, 2019",7:30pm,,Charlotte Hornets,Toronto Raptors,,,,
"Nov 18, 2019",8:00pm,,Milwaukee Bucks,Chicago Bulls,,,,
"Nov 18, 2019",8:00pm,,Portland Trail Blazers,Houston Rockets,,,,
"Nov 18, 2019",8:30pm,,San Antonio Spurs,Dallas Mavericks,,,,
"Nov 18, 2019",9:00pm,,Boston Celtics,Phoenix Suns,,,,
"Nov 18, 2019",9:00pm,,Minnesota Timberwolves,Utah Jazz,,,,
"Nov 18, 2019",10:30pm,,Oklahoma City Thunder,Los Angeles Clippers,,,,
"Nov 19, 2019",8:00pm,,Golden State Warriors,Memphis Grizzlies,,,,
"Nov 19, 2019",8:00pm,,Portland Trail Blazers,New Orleans Pelicans,,,,
"Nov 19, 2019",10:00pm,,Phoenix Suns,Sacramento Kings,,,,
"Nov 19, 2019",10:30pm,,Oklahoma City Thunder,Los Angeles Lakers,,,,
"Nov 20, 2019",7:00pm,,New York Knicks,Philadelphia 76ers,,,,
"Nov 20, 2019",7:00pm,,San Antonio Spurs,Washington Wizards,,,,
"Nov 20, 2019",7:30pm,,Milwaukee Bucks,Atlanta Hawks,,,,
"Nov 20, 2019",7:30pm,,Charlotte Hornets,Brooklyn Nets,,,,
"Nov 20, 2019",7:30pm,,Golden State Warriors,Dallas Mavericks,,,,
"Nov 20, 2019",7:30pm,,Cleveland Cavaliers,Miami Heat,,,,
"Nov 20, 2019",7:30pm,,Orlando Magic,Toronto Raptors,,,,
"Nov 20, 2019",8:00pm,,Detroit Pistons,Chicago Bulls,,,,
"Nov 20, 2019",8:00pm,,Utah Jazz,Minnesota Timberwolves,,,,
"Nov 20, 2019",9:00pm,,Houston Rockets,Denver Nuggets,,,,
"Nov 20, 2019",10:00pm,,Boston Celtics,Los Angeles Clippers,,,,
"Nov 21, 2019",8:00pm,,Portland Trail Blazers,Milwaukee Bucks,,,,
"Nov 21, 2019",10:30pm,,New Orleans Pelicans,Phoenix Suns,,,,
"Nov 22, 2019",7:00pm,,Atlanta Hawks,Detroit Pistons,,,,
"Nov 22, 2019",7:00pm,,Charlotte Hornets,Washington Wizards,,,,
"Nov 22, 2019",7:30pm,,Sacramento Kings,Brooklyn Nets,,,,
"Nov 22, 2019",8:00pm,,Miami Heat,Chicago Bulls,,,,
"Nov 22, 2019",8:00pm,,Los Angeles Lakers,Oklahoma City Thunder,,,,
"Nov 22, 2019",8:00pm,,San Antonio Spurs,Philadelphia 76ers,,,,
"Nov 22, 2019",8:30pm,,Cleveland Cavaliers,Dallas Mavericks,,,,
"Nov 22, 2019",9:00pm,,Boston Celtics,Denver Nuggets,,,,
"Nov 22, 2019",9:00pm,,Golden State Warriors,Utah Jazz,,,,
"Nov 22, 2019",10:30pm,,Houston Rockets,Los Angeles Clippers,,,,
"Nov 23, 2019",5:00pm,,Phoenix Suns,Minnesota Timberwolves,,,,
"Nov 23, 2019",7:00pm,,Chicago Bulls,Charlotte Hornets,,,,
"Nov 23, 2019",7:00pm,,Orlando Magic,Indiana Pacers,,,,
"Nov 23, 2019",7:30pm,,Toronto Raptors,Atlanta Hawks,,,,
"Nov 23, 2019",7:30pm,,San Antonio Spurs,New York Knicks,,,,
"Nov 23, 2019",7:30pm,,Miami Heat,Philadelphia 76ers,,,,
"Nov 23, 2019",8:00pm,,Portland Trail Blazers,Cleveland Cavaliers,,,,
"Nov 23, 2019",8:00pm,,Los Angeles Lakers,Memphis Grizzlies,,,,
"Nov 23, 2019",8:30pm,,Detroit Pistons,Milwaukee Bucks,,,,
"Nov 23, 2019",9:00pm,,New Orleans Pelicans,Utah Jazz,,,,
"Nov 24, 2019",3:30pm,,Dallas Mavericks,Houston Rockets,,,,
"Nov 24, 2019",6:00pm,,Brooklyn Nets,New York Knicks,,,,
"Nov 24, 2019",6:00pm,,Sacramento Kings,Washington Wizards,,,,
"Nov 24, 2019",8:00pm,,Phoenix Suns,Denver Nuggets,,,,
"Nov 24, 2019",9:00pm,,New Orleans Pelicans,Los Angeles Clippers,,,,
"Nov 25, 2019",7:00pm,,Brooklyn Nets,Cleveland Cavaliers,,,,
"Nov 25, 2019",7:00pm,,Orlando Magic,Detroit Pistons,,,,
"Nov 25, 2019",7:00pm,,Memphis Grizzlies,Indiana Pacers,,,,
"Nov 25, 2019",7:30pm,,Minnesota Timberwolves,Atlanta Hawks,,,,
"Nov 25, 2019",7:30pm,,Sacramento Kings,Boston Celtics,,,,
"Nov 25, 2019",7:30pm,,Charlotte Hornets,Miami Heat,,,,
"Nov 25, 2019",7:30pm,,Philadelphia 76ers,Toronto Raptors,,,,
"Nov 25, 2019",8:00pm,,Portland Trail Blazers,Chicago Bulls,,,,
"Nov 25, 2019",8:00pm,,Utah Jazz,Milwaukee Bucks,,,,
"Nov 25, 2019",8:30pm,,Los Angeles Lakers,San Antonio Spurs,,,,
"Nov 25, 2019",10:30pm,,Oklahoma City Thunder,Golden State Warriors,,,,
"Nov 26, 2019",8:30pm,,Los Angeles Clippers,Dallas Mavericks,,,,
"Nov 26, 2019",9:00pm,,Washington Wizards,Denver Nuggets,,,,
"Nov 27, 2019",7:00pm,,Brooklyn Nets,Boston Celtics,,,,
"Nov 27, 2019",7:00pm,,Detroit Pistons,Charlotte Hornets,,,,
"Nov 27, 2019",7:00pm,,Orlando Magic,Cleveland Cavaliers,,,,
"Nov 27, 2019",7:00pm,,Utah Jazz,Indiana Pacers,,,,
"Nov 27, 2019",7:00pm,,Sacramento Kings,Philadelphia 76ers,,,,
"Nov 27, 2019",7:30pm,,New York Knicks,Toronto Raptors,,,,
"Nov 27, 2019",8:00pm,,Miami Heat,Houston Rockets,,,,
"Nov 27, 2019",8:00pm,,Los Angeles Clippers,Memphis Grizzlies,,,,
"Nov 27, 2019",8:00pm,,Atlanta Hawks,Milwaukee Bucks,,,,
"Nov 27, 2019",8:30pm,,Minnesota Timberwolves,San Antonio Spurs,,,,
"Nov 27, 2019",9:00pm,,Washington Wizards,Phoenix Suns,,,,
"Nov 27, 2019",9:30pm,,Los Angeles Lakers,New Orleans Pelicans,,,,
"Nov 27, 2019",10:00pm,,Oklahoma City Thunder,Portland Trail Blazers,,,,
"Nov 27, 2019",10:30pm,,Chicago Bulls,Golden State Warriors,,,,
"Nov 29, 2019",12:00pm,,Boston Celtics,Brooklyn Nets,,,,
"Nov 29, 2019",7:00pm,,Charlotte Hornets,Detroit Pistons,,,,
"Nov 29, 2019",7:00pm,,Toronto Raptors,Orlando Magic,,,,
"Nov 29, 2019",7:30pm,,Milwaukee Bucks,Cleveland Cavaliers,,,,
"Nov 29, 2019",7:30pm,,Philadelphia 76ers,New York Knicks,,,,
"Nov 29, 2019",8:00pm,,Atlanta Hawks,Indiana Pacers,,,,
"Nov 29, 2019",8:00pm,,Utah Jazz,Memphis Grizzlies,,,,
"Nov 29, 2019",8:00pm,,Golden State Warriors,Miami Heat,,,,
"Nov 29, 2019",8:00pm,,New Orleans Pelicans,Oklahoma City Thunder,,,,
"Nov 29, 2019",8:30pm,,Los Angeles Clippers,San Antonio Spurs,,,,
"Nov 29, 2019",9:00pm,,Dallas Mavericks,Phoenix Suns,,,,
"Nov 29, 2019",10:00pm,,Chicago Bulls,Portland Trail Blazers,,,,
"Nov 29, 2019",10:30pm,,Washington Wizards,Los Angeles Lakers,,,,
"Nov 30, 2019",5:00pm,,Denver Nuggets,Sacramento Kings,,,,
"Nov 30, 2019",7:00pm,,Indiana Pacers,Philadelphia 76ers,,,,
"Nov 30, 2019",8:00pm,,Atlanta Hawks,Houston Rockets,,,,
"Nov 30, 2019",8:00pm,,Charlotte Hornets,Milwaukee Bucks,,,,
"Dec 1, 2019",3:00pm,,Miami Heat,Brooklyn Nets,,,,
"Dec 1, 2019",3:30pm,,Memphis Grizzlies,Minnesota Timberwolves,,,,
"Dec 1, 2019",3:30pm,,Boston Celtics,New York Knicks,,,,
"Dec 1, 2019",4:00pm,,Dallas Mavericks,Los Angeles Lakers,,,,
"Dec 1, 2019",5:00pm,,San Antonio Spurs,Detroit Pistons,,,,
"Dec 1, 2019",5:00pm,,Oklahoma City Thunder,New Orleans Pelicans,,,,
"Dec 1, 2019",6:00pm,,Golden State Warriors,Orlando Magic,,,,
"Dec 1, 2019",6:00pm,,Utah Jazz,Toronto Raptors,,,,
"Dec 1, 2019",10:30pm,,Washington Wizards,Los Angeles Clippers,,,,
"Dec 2, 2019",7:00pm,,Phoenix Suns,Charlotte Hornets,,,,
"Dec 2, 2019",7:00pm,,Utah Jazz,Philadelphia 76ers,,,,
"Dec 2, 2019",7:30pm,,Golden State Warriors,Atlanta Hawks,,,,
"Dec 2, 2019",8:00pm,,Indiana Pacers,Memphis Grizzlies,,,,
"Dec 2, 2019",8:00pm,,New York Knicks,Milwaukee Bucks,,,,
"Dec 2, 2019",10:00pm,,Chicago Bulls,Sacramento Kings,,,,
"Dec 3, 2019",7:00pm,,Detroit Pistons,Cleveland Cavaliers,,,,
"Dec 3, 2019",7:00pm,,Orlando Magic,Washington Wizards,,,,
"Dec 3, 2019",7:30pm,,Dallas Mavericks,New Orleans Pelicans,,,,
"Dec 3, 2019",7:30pm,,Miami Heat,Toronto Raptors,,,,
"Dec 3, 2019",8:30pm,,Houston Rockets,San Antonio Spurs,,,,
"Dec 3, 2019",9:00pm,,Los Angeles Lakers,Denver Nuggets,,,,
"Dec 3, 2019",10:00pm,,Portland Trail Blazers,Los Angeles Clippers,,,,
"Dec 4, 2019",7:00pm,,Golden State Warriors,Charlotte Hornets,,,,
"Dec 4, 2019",7:00pm,,Milwaukee Bucks,Detroit Pistons,,,,
"Dec 4, 2019",7:00pm,,Phoenix Suns,Orlando Magic,,,,
"Dec 4, 2019",7:30pm,,Brooklyn Nets,Atlanta Hawks,,,,
"Dec 4, 2019",7:30pm,,Miami Heat,Boston Celtics,,,,
"Dec 4, 2019",8:00pm,,Memphis Grizzlies,Chicago Bulls,,,,
"Dec 4, 2019",8:00pm,,Indiana Pacers,Oklahoma City Thunder,,,,
"Dec 4, 2019",8:30pm,,Minnesota Timberwolves,Dallas Mavericks,,,,
"Dec 4, 2019",9:00pm,,Los Angeles Lakers,Utah Jazz,,,,
"Dec 4, 2019",10:00pm,,Sacramento Kings,Portland Trail Blazers,,,,
"Dec 5, 2019",7:00pm,,Philadelphia 76ers,Washington Wizards,,,,
"Dec 5, 2019",7:30pm,,Denver Nuggets,New York Knicks,,,,
"Dec 5, 2019",7:30pm,,Houston Rockets,Toronto Raptors,,,,
"Dec 5, 2019",8:00pm,,Phoenix Suns,New Orleans Pelicans,,,,
"Dec 6, 2019",7:00pm,,Brooklyn Nets,Charlotte Hornets,,,,
"Dec 6, 2019",7:00pm,,Orlando Magic,Cleveland Cavaliers,,,,
"Dec 6, 2019",7:00pm,,Indiana Pacers,Detroit Pistons,,,,
"Dec 6, 2019",8:00pm,,Denver Nuggets,Boston Celtics,,,,
"Dec 6, 2019",8:00pm,,Golden State Warriors,Chicago Bulls,,,,
"Dec 6, 2019",8:00pm,,Washington Wizards,Miami Heat,,,,
"Dec 6, 2019",8:00pm,,Minnesota Timberwolves,Oklahoma City Thunder,,,,
"Dec 6, 2019",8:30pm,,Los Angeles Clippers,Milwaukee Bucks,,,,
"Dec 6, 2019",8:30pm,,Sacramento Kings,San Antonio Spurs,,,,
"Dec 6, 2019",10:30pm,,Los Angeles Lakers,Portland Trail Blazers,,,,
"Dec 7, 2019",2:00pm,,New Orleans Pelicans,Dallas Mavericks,,,,
"Dec 7, 2019",7:30pm,,Indiana Pacers,New York Knicks,,,,
"Dec 7, 2019",7:30pm,,Cleveland Cavaliers,Philadelphia 76ers,,,,
"Dec 7, 2019",8:00pm,,Phoenix Suns,Houston Rockets,,,,
"Dec 7, 2019",10:00pm,,Memphis Grizzlies,Utah Jazz,,,,
"Dec 8, 2019",3:00pm,,Denver Nuggets,Brooklyn Nets,,,,
"Dec 8, 2019",5:00pm,,Atlanta Hawks,Charlotte Hornets,,,,
"Dec 8, 2019",6:00pm,,Chicago Bulls,Miami Heat,,,,
"Dec 8, 2019",6:00pm,,Toronto Raptors,Philadelphia 76ers,,,,
"Dec 8, 2019",6:00pm,,Los Angeles Clippers,Washington Wizards,,,,
"Dec 8, 2019",7:00pm,,Sacramento Kings,Dallas Mavericks,,,,
"Dec 8, 2019",9:00pm,,Oklahoma City Thunder,Portland Trail Blazers,,,,
"Dec 8, 2019",9:30pm,,Minnesota Timberwolves,Los Angeles Lakers,,,,
"Dec 9, 2019",7:00pm,,Los Angeles Clippers,Indiana Pacers,,,,
"Dec 9, 2019",7:30pm,,Cleveland Cavaliers,Boston Celtics,,,,
"Dec 9, 2019",8:00pm,,Toronto Raptors,Chicago Bulls,,,,
"Dec 9, 2019",8:00pm,,Sacramento Kings,Houston Rockets,,,,
"Dec 9, 2019",8:00pm,,Orlando Magic,Milwaukee Bucks,,,,
"Dec 9, 2019",8:00pm,,Detroit Pistons,New Orleans Pelicans,,,,
"Dec 9, 2019",9:00pm,,Minnesota Timberwolves,Phoenix Suns,,,,
"Dec 9, 2019",9:00pm,,Oklahoma City Thunder,Utah Jazz,,,,
"Dec 9, 2019",10:30pm,,Memphis Grizzlies,Golden State Warriors,,,,
"Dec 10, 2019",7:00pm,,Washington Wizards,Charlotte Hornets,,,,
"Dec 10, 2019",7:00pm,,Denver Nuggets,Philadelphia 76ers,,,,
"Dec 10, 2019",8:00pm,,Atlanta Hawks,Miami Heat,,,,
"Dec 10, 2019",10:00pm,,New York Knicks,Portland Trail Blazers,,,,
"Dec 11, 2019",7:00pm,,Houston Rockets,Cleveland Cavaliers,,,,
"Dec 11, 2019",7:00pm,,Boston Celtics,Indiana Pacers,,,,
"Dec 11, 2019",7:00pm,,Los Angeles Lakers,Orlando Magic,,,,
"Dec 11, 2019",7:00pm,,Los Angeles Clippers,Toronto Raptors,,,,
"Dec 11, 2019",7:30pm,,Charlotte Hornets,Brooklyn Nets,,,,
"Dec 11, 2019",8:00pm,,Atlanta Hawks,Chicago Bulls,,,,
"Dec 11, 2019",8:00pm,,Utah Jazz,Minnesota Timberwolves,,,,
"Dec 11, 2019",9:00pm,,Memphis Grizzlies,Phoenix Suns,,,,
"Dec 11, 2019",9:30pm,,New Orleans Pelicans,Milwaukee Bucks,,,,
"Dec 11, 2019",10:00pm,,Oklahoma City Thunder,Sacramento Kings,,,,
"Dec 11, 2019",10:30pm,,New York Knicks,Golden State Warriors,,,,
"Dec 12, 2019",8:00pm,,Philadelphia 76ers,Boston Celtics,,,,
"Dec 12, 2019",8:30pm,,Cleveland Cavaliers,San Antonio Spurs,,,,
"Dec 12, 2019",9:00pm,,Dallas Mavericks,Detroit Pistons,,,,
"Dec 12, 2019",10:30pm,,Portland Trail Blazers,Denver Nuggets,,,,
"Dec 13, 2019",7:00pm,,Houston Rockets,Orlando Magic,,,,
"Dec 13, 2019",7:00pm,,New Orleans Pelicans,Philadelphia 76ers,,,,
"Dec 13, 2019",7:30pm,,Indiana Pacers,Atlanta Hawks,,,,
"Dec 13, 2019",8:00pm,,Charlotte Hornets,Chicago Bulls,,,,
"Dec 13, 2019",8:00pm,,Milwaukee Bucks,Memphis Grizzlies,,,,
"Dec 13, 2019",8:00pm,,Los Angeles Lakers,Miami Heat,,,,
"Dec 13, 2019",8:00pm,,Los Angeles Clippers,Minnesota Timberwolves,,,,
"Dec 13, 2019",10:00pm,,New York Knicks,Sacramento Kings,,,,
"Dec 13, 2019",10:30pm,,Golden State Warriors,Utah Jazz,,,,
"Dec 14, 2019",5:00pm,,San Antonio Spurs,Phoenix Suns,,,,
"Dec 14, 2019",7:30pm,,Brooklyn Nets,Toronto Raptors,,,,
"Dec 14, 2019",8:00pm,,Los Angeles Clippers,Chicago Bulls,,,,
"Dec 14, 2019",8:00pm,,Washington Wizards,Memphis Grizzlies,,,,
"Dec 14, 2019",8:30pm,,Miami Heat,Dallas Mavericks,,,,
"Dec 14, 2019",8:30pm,,Cleveland Cavaliers,Milwaukee Bucks,,,,
"Dec 14, 2019",9:00pm,,Oklahoma City Thunder,Denver Nuggets,,,,
"Dec 14, 2019",9:00pm,,Detroit Pistons,Houston Rockets,,,,
"Dec 15, 2019",3:30pm,,Orlando Magic,New Orleans Pelicans,,,,
"Dec 15, 2019",5:00pm,,Charlotte Hornets,Indiana Pacers,,,,
"Dec 15, 2019",6:00pm,,Los Angeles Lakers,Atlanta Hawks,,,,
"Dec 15, 2019",6:00pm,,Philadelphia 76ers,Brooklyn Nets,,,,
"Dec 15, 2019",8:00pm,,New York Knicks,Denver Nuggets,,,,
"Dec 15, 2019",8:30pm,,Sacramento Kings,Golden State Warriors,,,,
"Dec 16, 2019",7:00pm,,Washington Wizards,Detroit Pistons,,,,
"Dec 16, 2019",7:30pm,,Cleveland Cavaliers,Toronto Raptors,,,,
"Dec 16, 2019",8:00pm,,San Antonio Spurs,Houston Rockets,,,,
"Dec 16, 2019",8:00pm,,Miami Heat,Memphis Grizzlies,,,,
"Dec 16, 2019",8:00pm,,Dallas Mavericks,Milwaukee Bucks,,,,
"Dec 16, 2019",8:00pm,,Chicago Bulls,Oklahoma City Thunder,,,,
"Dec 16, 2019",9:00pm,,Portland Trail Blazers,Phoenix Suns,,,,
"Dec 17, 2019",7:00pm,,Sacramento Kings,Charlotte Hornets,,,,
"Dec 17, 2019",7:00pm,,Los Angeles Lakers,Indiana Pacers,,,,
"Dec 17, 2019",7:30pm,,Atlanta Hawks,New York Knicks,,,,
"Dec 17, 2019",8:00pm,,Brooklyn Nets,New Orleans Pelicans,,,,
"Dec 17, 2019",9:00pm,,Orlando Magic,Utah Jazz,,,,
"Dec 17, 2019",10:30pm,,Phoenix Suns,Los Angeles Clippers,,,,
"Dec 18, 2019",7:00pm,,Charlotte Hornets,Cleveland Cavaliers,,,,
"Dec 18, 2019",7:00pm,,Toronto Raptors,Detroit Pistons,,,,
"Dec 18, 2019",7:00pm,,Chicago Bulls,Washington Wizards,,,,
"Dec 18, 2019",7:30pm,,Miami Heat,Philadelphia 76ers,,,,
"Dec 18, 2019",8:00pm,,New Orleans Pelicans,Minnesota Timberwolves,,,,
"Dec 18, 2019",8:00pm,,Memphis Grizzlies,Oklahoma City Thunder,,,,
"Dec 18, 2019",8:30pm,,Boston Celtics,Dallas Mavericks,,,,
"Dec 18, 2019",9:00pm,,Orlando Magic,Denver Nuggets,,,,
"Dec 18, 2019",10:00pm,,Golden State Warriors,Portland Trail Blazers,,,,
"Dec 19, 2019",7:30pm,,Utah Jazz,Atlanta Hawks,,,,
"Dec 19, 2019",8:00pm,,Los Angeles Lakers,Milwaukee Bucks,,,,
"Dec 19, 2019",8:30pm,,Brooklyn Nets,San Antonio Spurs,,,,
"Dec 19, 2019",10:30pm,,Houston Rockets,Los Angeles Clippers,,,,
"Dec 20, 2019",7:00pm,,Memphis Grizzlies,Cleveland Cavaliers,,,,
"Dec 20, 2019",7:00pm,,Sacramento Kings,Indiana Pacers,,,,
"Dec 20, 2019",7:30pm,,Detroit Pistons,Boston Celtics,,,,
"Dec 20, 2019",7:30pm,,Washington Wizards,Toronto Raptors,,,,
"Dec 20, 2019",8:00pm,,New York Knicks,Miami Heat,,,,
"Dec 20, 2019",8:00pm,,Phoenix Suns,Oklahoma City Thunder,,,,
"Dec 20, 2019",8:00pm,,Dallas Mavericks,Philadelphia 76ers,,,,
"Dec 20, 2019",9:00pm,,Minnesota Timberwolves,Denver Nuggets,,,,
"Dec 20, 2019",10:00pm,,Orlando Magic,Portland Trail Blazers,,,,
"Dec 20, 2019",10:30pm,,New Orleans Pelicans,Golden State Warriors,,,,
"Dec 21, 2019",5:00pm,,Utah Jazz,Charlotte Hornets,,,,
"Dec 21, 2019",6:00pm,,Atlanta Hawks,Brooklyn Nets,,,,
"Dec 21, 2019",7:00pm,,Chicago Bulls,Detroit Pistons,,,,
"Dec 21, 2019",7:00pm,,Washington Wizards,Philadelphia 76ers,,,,
"Dec 21, 2019",7:30pm,,Milwaukee Bucks,New York Knicks,,,,
"Dec 21, 2019",8:00pm,,Sacramento Kings,Memphis Grizzlies,,,,
"Dec 21, 2019",8:30pm,,Los Angeles Clippers,San Antonio Spurs,,,,
"Dec 21, 2019",9:00pm,,Houston Rockets,Phoenix Suns,,,,
"Dec 21, 2019",10:00pm,,Minnesota Timberwolves,Portland Trail Blazers,,,,
"Dec 22, 2019",3:30pm,,Dallas Mavericks,Toronto Raptors,,,,
"Dec 22, 2019",6:00pm,,Charlotte Hornets,Boston Celtics,,,,
"Dec 22, 2019",7:00pm,,Indiana Pacers,Milwaukee Bucks,,,,
"Dec 22, 2019",7:00pm,,Los Angeles Clippers,Oklahoma City Thunder,,,,
"Dec 22, 2019",9:30pm,,Denver Nuggets,Los Angeles Lakers,,,,
"Dec 23, 2019",7:00pm,,Atlanta Hawks,Cleveland Cavaliers,,,,
"Dec 23, 2019",7:00pm,,Philadelphia 76ers,Detroit Pistons,,,,
"Dec 23, 2019",7:00pm,,Toronto Raptors,Indiana Pacers,,,,
"Dec 23, 2019",7:00pm,,Washington Wizards,New York Knicks,,,,
"Dec 23, 2019",7:00pm,,Chicago Bulls,Orlando Magic,,,,
"Dec 23, 2019",7:30pm,,Utah Jazz,Miami Heat,,,,
"Dec 23, 2019",8:00pm,,San Antonio Spurs,Memphis Grizzlies,,,,
"Dec 23, 2019",9:00pm,,Denver Nuggets,Phoenix Suns,,,,
"Dec 23, 2019",10:00pm,,New Orleans Pelicans,Portland Trail Blazers,,,,
"Dec 23, 2019",10:00pm,,Houston Rockets,Sacramento Kings,,,,
"Dec 23, 2019",10:30pm,,Minnesota Timberwolves,Golden State Warriors,,,,
"Dec 25, 2019",12:00pm,,Boston Celtics,Toronto Raptors,,,,
"Dec 25, 2019",2:30pm,,Milwaukee Bucks,Philadelphia 76ers,,,,
"Dec 25, 2019",5:00pm,,Houston Rockets,Golden State Warriors,,,,
"Dec 25, 2019",8:00pm,,Los Angeles Clippers,Los Angeles Lakers,,,,
"Dec 25, 2019",10:30pm,,New Orleans Pelicans,Denver Nuggets,,,,
"Dec 26, 2019",7:00pm,,Washington Wizards,Detroit Pistons,,,,
"Dec 26, 2019",8:00pm,,New York Knicks,Brooklyn Nets,,,,
"Dec 26, 2019",8:00pm,,Memphis Grizzlies,Oklahoma City Thunder,,,,
"Dec 26, 2019",8:30pm,,San Antonio Spurs,Dallas Mavericks,,,,
"Dec 26, 2019",10:00pm,,Minnesota Timberwolves,Sacramento Kings,,,,
"Dec 26, 2019",10:30pm,,Portland Trail Blazers,Utah Jazz,,,,
"Dec 27, 2019",4:00pm,,Cleveland Cavaliers,Boston Celtics,,,,
"Dec 27, 2019",7:00pm,,Oklahoma City Thunder,Charlotte Hornets,,,,
"Dec 27, 2019",7:00pm,,Philadelphia 76ers,Orlando Magic,,,,
"Dec 27, 2019",7:30pm,,Milwaukee Bucks,Atlanta Hawks,,,,
"Dec 27, 2019",8:00pm,,Indiana Pacers,Miami Heat,,,,
"Dec 27, 2019",10:30pm,,Phoenix Suns,Golden State Warriors,,,,
"Dec 28, 2019",5:00pm,,Memphis Grizzlies,Denver Nuggets,,,,
"Dec 28, 2019",7:00pm,,Toronto Raptors,Boston Celtics,,,,
"Dec 28, 2019",7:00pm,,Indiana Pacers,New Orleans Pelicans,,,,
"Dec 28, 2019",8:00pm,,Atlanta Hawks,Chicago Bulls,,,,
"Dec 28, 2019",8:00pm,,Brooklyn Nets,Houston Rockets,,,,
"Dec 28, 2019",8:00pm,,Philadelphia 76ers,Miami Heat,,,,
"Dec 28, 2019",8:00pm,,Cleveland Cavaliers,Minnesota Timberwolves,,,,
"Dec 28, 2019",8:00pm,,New York Knicks,Washington Wizards,,,,
"Dec 28, 2019",8:30pm,,Dallas Mavericks,Golden State Warriors,,,,
"Dec 28, 2019",8:30pm,,Orlando Magic,Milwaukee Bucks,,,,
"Dec 28, 2019",8:30pm,,Detroit Pistons,San Antonio Spurs,,,,
"Dec 28, 2019",9:00pm,,Phoenix Suns,Sacramento Kings,,,,
"Dec 28, 2019",10:00pm,,Los Angeles Lakers,Portland Trail Blazers,,,,
"Dec 28, 2019",10:30pm,,Utah Jazz,Los Angeles Clippers,,,,
"Dec 29, 2019",6:00pm,,Oklahoma City Thunder,Toronto Raptors,,,,
"Dec 29, 2019",8:00pm,,Sacramento Kings,Denver Nuggets,,,,
"Dec 29, 2019",8:00pm,,Charlotte Hornets,Memphis Grizzlies,,,,
"Dec 29, 2019",8:00pm,,Houston Rockets,New Orleans Pelicans,,,,
"Dec 29, 2019",9:30pm,,Dallas Mavericks,Los Angeles Lakers,,,,
"Dec 30, 2019",7:00pm,,Atlanta Hawks,Orlando Magic,,,,
"Dec 30, 2019",7:00pm,,Miami Heat,Washington Wizards,,,,
"Dec 30, 2019",8:00pm,,Milwaukee Bucks,Chicago Bulls,,,,
"Dec 30, 2019",8:00pm,,Brooklyn Nets,Minnesota Timberwolves,,,,
"Dec 30, 2019",9:00pm,,Detroit Pistons,Utah Jazz,,,,
"Dec 30, 2019",10:00pm,,Phoenix Suns,Portland Trail Blazers,,,,
"Dec 31, 2019",3:00pm,,Boston Celtics,Charlotte Hornets,,,,
"Dec 31, 2019",3:00pm,,Philadelphia 76ers,Indiana Pacers,,,,
"Dec 31, 2019",5:00pm,,Los Angeles Clippers,Sacramento Kings,,,,
"Dec 31, 2019",7:00pm,,Denver Nuggets,Houston Rockets,,,,
"Dec 31, 2019",7:00pm,,Golden State Warriors,San Antonio Spurs,,,,
"Dec 31, 2019",7:00pm,,Cleveland Cavaliers,Toronto Raptors,,,,
"Dec 31, 2019",8:00pm,,Dallas Mavericks,Oklahoma City Thunder,,,,
"Jan 1, 2020",6:00pm,,Orlando Magic,Washington Wizards,,,,
"Jan 1, 2020",7:30pm,,Portland Trail Blazers,New York Knicks,,,,
"Jan 1, 2020",8:00pm,,Minnesota Timberwolves,Milwaukee Bucks,,,,
"Jan 1, 2020",10:30pm,,Phoenix Suns,Los Angeles Lakers,,,,
"Jan 2, 2020",7:00pm,,Charlotte Hornets,Cleveland Cavaliers,,,,
"Jan 2, 2020",7:00pm,,Denver Nuggets,Indiana Pacers,,,,
"Jan 2, 2020",7:30pm,,Toronto Raptors,Miami Heat,,,,
"Jan 2, 2020",8:00pm,,Utah Jazz,Chicago Bulls,,,,
"Jan 2, 2020",8:00pm,,Golden State Warriors,Minnesota Timberwolves,,,,
"Jan 2, 2020",8:30pm,,Brooklyn Nets,Dallas Mavericks,,,,
"Jan 2, 2020",8:30pm,,Oklahoma City Thunder,San Antonio Spurs,,,,
"Jan 2, 2020",10:00pm,,Memphis Grizzlies,Sacramento Kings,,,,
"Jan 2, 2020",10:30pm,,Detroit Pistons,Los Angeles Clippers,,,,
"Jan 3, 2020",7:00pm,,Atlanta Hawks,Boston Celtics,,,,
"Jan 3, 2020",7:00pm,,Miami Heat,Orlando Magic,,,,
"Jan 3, 2020",7:00pm,,Portland Trail Blazers,Washington Wizards,,,,
"Jan 3, 2020",8:00pm,,Philadelphia 76ers,Houston Rockets,,,,
"Jan 3, 2020",9:00pm,,New York Knicks,Phoenix Suns,,,,
"Jan 3, 2020",10:30pm,,New Orleans Pelicans,Los Angeles Lakers,,,,
"Jan 4, 2020",3:30pm,,Memphis Grizzlies,Los Angeles Clippers,,,,
"Jan 4, 2020",6:00pm,,Toronto Raptors,Brooklyn Nets,,,,
"Jan 4, 2020",7:00pm,,Utah Jazz,Orlando Magic,,,,
"Jan 4, 2020",7:30pm,,Indiana Pacers,Atlanta Hawks,,,,
"Jan 4, 2020",7:30pm,,Oklahoma City Thunder,Cleveland Cavaliers,,,,
"Jan 4, 2020",8:00pm,,Boston Celtics,Chicago Bulls,,,,
"Jan 4, 2020",8:00pm,,Denver Nuggets,Washington Wizards,,,,
"Jan 4, 2020",8:30pm,,Charlotte Hornets,Dallas Mavericks,,,,
"Jan 4, 2020",8:30pm,,Detroit Pistons,Golden State Warriors,,,,
"Jan 4, 2020",8:30pm,,San Antonio Spurs,Milwaukee Bucks,,,,
"Jan 4, 2020",10:00pm,,New Orleans Pelicans,Sacramento Kings,,,,
"Jan 5, 2020",3:30pm,,New York Knicks,Los Angeles Clippers,,,,
"Jan 5, 2020",6:00pm,,Portland Trail Blazers,Miami Heat,,,,
"Jan 5, 2020",7:30pm,,Minnesota Timberwolves,Cleveland Cavaliers,,,,
"Jan 5, 2020",8:00pm,,Memphis Grizzlies,Phoenix Suns,,,,
"Jan 5, 2020",10:00pm,,Detroit Pistons,Los Angeles Lakers,,,,
"Jan 6, 2020",7:00pm,,Indiana Pacers,Charlotte Hornets,,,,
"Jan 6, 2020",7:00pm,,Brooklyn Nets,Orlando Magic,,,,
"Jan 6, 2020",7:00pm,,Oklahoma City Thunder,Philadelphia 76ers,,,,
"Jan 6, 2020",7:00pm,,Boston Celtics,Washington Wizards,,,,
"Jan 6, 2020",7:30pm,,Denver Nuggets,Atlanta Hawks,,,,
"Jan 6, 2020",8:00pm,,Utah Jazz,New Orleans Pelicans,,,,
"Jan 6, 2020",8:30pm,,Chicago Bulls,Dallas Mavericks,,,,
"Jan 6, 2020",8:30pm,,Milwaukee Bucks,San Antonio Spurs,,,,
"Jan 6, 2020",10:00pm,,Golden State Warriors,Sacramento Kings,,,,
"Jan 7, 2020",7:00pm,,Detroit Pistons,Cleveland Cavaliers,,,,
"Jan 7, 2020",7:00pm,,Portland Trail Blazers,Toronto Raptors,,,,
"Jan 7, 2020",7:30pm,,Oklahoma City Thunder,Brooklyn Nets,,,,
"Jan 7, 2020",8:00pm,,Minnesota Timberwolves,Memphis Grizzlies,,,,
"Jan 7, 2020",9:00pm,,Sacramento Kings,Phoenix Suns,,,,
"Jan 7, 2020",10:30pm,,New York Knicks,Los Angeles Lakers,,,,
"Jan 8, 2020",7:00pm,,San Antonio Spurs,Boston Celtics,,,,
"Jan 8, 2020",7:00pm,,Toronto Raptors,Charlotte Hornets,,,,
"Jan 8, 2020",7:00pm,,Miami Heat,Indiana Pacers,,,,
"Jan 8, 2020",7:00pm,,Washington Wizards,Orlando Magic,,,,
"Jan 8, 2020",7:30pm,,Houston Rockets,Atlanta Hawks,,,,
"Jan 8, 2020",7:30pm,,Denver Nuggets,Dallas Mavericks,,,,
"Jan 8, 2020",8:00pm,,Chicago Bulls,New Orleans Pelicans,,,,
"Jan 8, 2020",9:00pm,,New York Knicks,Utah Jazz,,,,
"Jan 8, 2020",10:00pm,,Milwaukee Bucks,Golden State Warriors,,,,
"Jan 9, 2020",7:00pm,,Cleveland Cavaliers,Detroit Pistons,,,,
"Jan 9, 2020",7:00pm,,Boston Celtics,Philadelphia 76ers,,,,
"Jan 9, 2020",8:00pm,,Portland Trail Blazers,Minnesota Timberwolves,,,,
"Jan 9, 2020",9:30pm,,Houston Rockets,Oklahoma City Thunder,,,,
"Jan 10, 2020",7:00pm,,Atlanta Hawks,Washington Wizards,,,,
"Jan 10, 2020",7:30pm,,Miami Heat,Brooklyn Nets,,,,
"Jan 10, 2020",8:00pm,,Indiana Pacers,Chicago Bulls,,,,
"Jan 10, 2020",8:00pm,,San Antonio Spurs,Memphis Grizzlies,,,,
"Jan 10, 2020",8:00pm,,New Orleans Pelicans,New York Knicks,,,,
"Jan 10, 2020",8:30pm,,Los Angeles Lakers,Dallas Mavericks,,,,
"Jan 10, 2020",9:00pm,,Orlando Magic,Phoenix Suns,,,,
"Jan 10, 2020",9:00pm,,Charlotte Hornets,Utah Jazz,,,,
"Jan 10, 2020",10:00pm,,Milwaukee Bucks,Sacramento Kings,,,,
"Jan 10, 2020",10:30pm,,Golden State Warriors,Los Angeles Clippers,,,,
"Jan 11, 2020",5:00pm,,Minnesota Timberwolves,Houston Rockets,,,,
"Jan 11, 2020",7:00pm,,New Orleans Pelicans,Boston Celtics,,,,
"Jan 11, 2020",7:00pm,,Chicago Bulls,Detroit Pistons,,,,
"Jan 11, 2020",8:00pm,,Los Angeles Lakers,Oklahoma City Thunder,,,,
"Jan 11, 2020",8:30pm,,Philadelphia 76ers,Dallas Mavericks,,,,
"Jan 11, 2020",9:00pm,,Cleveland Cavaliers,Denver Nuggets,,,,
"Jan 11, 2020",10:00pm,,Milwaukee Bucks,Portland Trail Blazers,,,,
"Jan 12, 2020",3:30pm,,Miami Heat,New York Knicks,,,,
"Jan 12, 2020",3:30pm,,Utah Jazz,Washington Wizards,,,,
"Jan 12, 2020",6:00pm,,Atlanta Hawks,Brooklyn Nets,,,,
"Jan 12, 2020",6:00pm,,Golden State Warriors,Memphis Grizzlies,,,,
"Jan 12, 2020",6:00pm,,San Antonio Spurs,Toronto Raptors,,,,
"Jan 12, 2020",8:00pm,,Los Angeles Clippers,Denver Nuggets,,,,
"Jan 12, 2020",8:00pm,,Charlotte Hornets,Phoenix Suns,,,,
"Jan 13, 2020",7:00pm,,New Orleans Pelicans,Detroit Pistons,,,,
"Jan 13, 2020",7:00pm,,Philadelphia 76ers,Indiana Pacers,,,,
"Jan 13, 2020",7:30pm,,Chicago Bulls,Boston Celtics,,,,
"Jan 13, 2020",8:00pm,,Oklahoma City Thunder,Minnesota Timberwolves,,,,
"Jan 13, 2020",10:00pm,,Charlotte Hornets,Portland Trail Blazers,,,,
"Jan 13, 2020",10:00pm,,Orlando Magic,Sacramento Kings,,,,
"Jan 13, 2020",10:30pm,,Cleveland Cavaliers,Los Angeles Lakers,,,,
"Jan 14, 2020",7:30pm,,Phoenix Suns,Atlanta Hawks,,,,
"Jan 14, 2020",7:30pm,,Utah Jazz,Brooklyn Nets,,,,
"Jan 14, 2020",8:00pm,,Houston Rockets,Memphis Grizzlies,,,,
"Jan 14, 2020",8:00pm,,New York Knicks,Milwaukee Bucks,,,,
"Jan 14, 2020",10:30pm,,Dallas Mavericks,Golden State Warriors,,,,
"Jan 14, 2020",10:30pm,,Cleveland Cavaliers,Los Angeles Clippers,,,,
"Jan 15, 2020",7:00pm,,Detroit Pistons,Boston Celtics,,,,
"Jan 15, 2020",7:00pm,,Brooklyn Nets,Philadelphia 76ers,,,,
"Jan 15, 2020",7:30pm,,San Antonio Spurs,Miami Heat,,,,
"Jan 15, 2020",8:00pm,,Washington Wizards,Chicago Bulls,,,,
"Jan 15, 2020",8:00pm,,Indiana Pacers,Minnesota Timberwolves,,,,
"Jan 15, 2020",8:00pm,,Toronto Raptors,Oklahoma City Thunder,,,,
"Jan 15, 2020",9:00pm,,Charlotte Hornets,Denver Nuggets,,,,
"Jan 15, 2020",9:30pm,,Portland Trail Blazers,Houston Rockets,,,,
"Jan 15, 2020",10:00pm,,Dallas Mavericks,Sacramento Kings,,,,
"Jan 15, 2020",10:30pm,,Orlando Magic,Los Angeles Lakers,,,,
"Jan 16, 2020",7:30pm,,Phoenix Suns,New York Knicks,,,,
"Jan 16, 2020",8:00pm,,Boston Celtics,Milwaukee Bucks,,,,
"Jan 16, 2020",8:00pm,,Utah Jazz,New Orleans Pelicans,,,,
"Jan 16, 2020",10:30pm,,Denver Nuggets,Golden State Warriors,,,,
"Jan 16, 2020",10:30pm,,Orlando Magic,Los Angeles Clippers,,,,
"Jan 17, 2020",7:00pm,,Minnesota Timberwolves,Indiana Pacers,,,,
"Jan 17, 2020",7:00pm,,Chicago Bulls,Philadelphia 76ers,,,,
"Jan 17, 2020",7:00pm,,Washington Wizards,Toronto Raptors,,,,
"Jan 17, 2020",8:00pm,,Cleveland Cavaliers,Memphis Grizzlies,,,,
"Jan 17, 2020",8:00pm,,Miami Heat,Oklahoma City Thunder,,,,
"Jan 17, 2020",8:30pm,,Atlanta Hawks,San Antonio Spurs,,,,
"Jan 17, 2020",9:30pm,,Portland Trail Blazers,Dallas Mavericks,,,,
"Jan 18, 2020",3:30pm,,Los Angeles Clippers,New Orleans Pelicans,,,,
"Jan 18, 2020",6:00pm,,Milwaukee Bucks,Brooklyn Nets,,,,
"Jan 18, 2020",7:00pm,,Phoenix Suns,Boston Celtics,,,,
"Jan 18, 2020",7:30pm,,Detroit Pistons,Atlanta Hawks,,,,
"Jan 18, 2020",7:30pm,,Philadelphia 76ers,New York Knicks,,,,
"Jan 18, 2020",8:00pm,,Cleveland Cavaliers,Chicago Bulls,,,,
"Jan 18, 2020",8:00pm,,Toronto Raptors,Minnesota Timberwolves,,,,
"Jan 18, 2020",8:30pm,,Orlando Magic,Golden State Warriors,,,,
"Jan 18, 2020",8:30pm,,Los Angeles Lakers,Houston Rockets,,,,
"Jan 18, 2020",9:00pm,,Portland Trail Blazers,Oklahoma City Thunder,,,,
"Jan 18, 2020",9:00pm,,Sacramento Kings,Utah Jazz,,,,
"Jan 19, 2020",3:00pm,,Miami Heat,San Antonio Spurs,,,,
"Jan 19, 2020",8:00pm,,Indiana Pacers,Denver Nuggets,,,,
"Jan 20, 2020",2:00pm,,Detroit Pistons,Washington Wizards,,,,
"Jan 20, 2020",2:30pm,,Toronto Raptors,Atlanta Hawks,,,,
"Jan 20, 2020",3:00pm,,Philadelphia 76ers,Brooklyn Nets,,,,
"Jan 20, 2020",5:00pm,,Orlando Magic,Charlotte Hornets,,,,
"Jan 20, 2020",5:00pm,,New York Knicks,Cleveland Cavaliers,,,,
"Jan 20, 2020",5:00pm,,Oklahoma City Thunder,Houston Rockets,,,,
"Jan 20, 2020",5:00pm,,New Orleans Pelicans,Memphis Grizzlies,,,,
"Jan 20, 2020",5:00pm,,Sacramento Kings,Miami Heat,,,,
"Jan 20, 2020",5:00pm,,Chicago Bulls,Milwaukee Bucks,,,,
"Jan 20, 2020",7:30pm,,Los Angeles Lakers,Boston Celtics,,,,
"Jan 20, 2020",8:00pm,,Denver Nuggets,Minnesota Timberwolves,,,,
"Jan 20, 2020",9:00pm,,San Antonio Spurs,Phoenix Suns,,,,
"Jan 20, 2020",9:00pm,,Indiana Pacers,Utah Jazz,,,,
"Jan 20, 2020",10:00pm,,Golden State Warriors,Portland Trail Blazers,,,,
"Jan 21, 2020",8:30pm,,Los Angeles Clippers,Dallas Mavericks,,,,
"Jan 22, 2020",7:00pm,,Sacramento Kings,Detroit Pistons,,,,
"Jan 22, 2020",7:00pm,,Oklahoma City Thunder,Orlando Magic,,,,
"Jan 22, 2020",7:30pm,,Los Angeles Clippers,Atlanta Hawks,,,,
"Jan 22, 2020",7:30pm,,Memphis Grizzlies,Boston Celtics,,,,
"Jan 22, 2020",7:30pm,,Washington Wizards,Miami Heat,,,,
"Jan 22, 2020",7:30pm,,Los Angeles Lakers,New York Knicks,,,,
"Jan 22, 2020",7:30pm,,Philadelphia 76ers,Toronto Raptors,,,,
"Jan 22, 2020",8:00pm,,Minnesota Timberwolves,Chicago Bulls,,,,
"Jan 22, 2020",8:00pm,,Denver Nuggets,Houston Rockets,,,,
"Jan 22, 2020",8:00pm,,San Antonio Spurs,New Orleans Pelicans,,,,
"Jan 22, 2020",9:00pm,,Indiana Pacers,Phoenix Suns,,,,
"Jan 22, 2020",10:00pm,,Utah Jazz,Golden State Warriors,,,,
"Jan 23, 2020",7:00pm,,Washington Wizards,Cleveland Cavaliers,,,,
"Jan 23, 2020",8:00pm,,Los Angeles Lakers,Brooklyn Nets,,,,
"Jan 23, 2020",10:30pm,,Dallas Mavericks,Portland Trail Blazers,,,,
"Jan 24, 2020",3:00pm,,Milwaukee Bucks,Charlotte Hornets,,,,
"Jan 24, 2020",7:00pm,,Memphis Grizzlies,Detroit Pistons,,,,
"Jan 24, 2020",7:00pm,,Boston Celtics,Orlando Magic,,,,
"Jan 24, 2020",7:30pm,,Toronto Raptors,New York Knicks,,,,
"Jan 24, 2020",8:00pm,,Sacramento Kings,Chicago Bulls,,,,
"Jan 24, 2020",8:00pm,,Los Angeles Clippers,Miami Heat,,,,
"Jan 24, 2020",8:00pm,,Houston Rockets,Minnesota Timberwolves,,,,
"Jan 24, 2020",8:00pm,,Denver Nuggets,New Orleans Pelicans,,,,
"Jan 24, 2020",8:00pm,,Atlanta Hawks,Oklahoma City Thunder,,,,
"Jan 24, 2020",8:30pm,,Phoenix Suns,San Antonio Spurs,,,,
"Jan 24, 2020",10:30pm,,Indiana Pacers,Golden State Warriors,,,,
"Jan 25, 2020",5:00pm,,Dallas Mavericks,Utah Jazz,,,,
"Jan 25, 2020",7:00pm,,Brooklyn Nets,Detroit Pistons,,,,
"Jan 25, 2020",8:00pm,,Chicago Bulls,Cleveland Cavaliers,,,,
"Jan 25, 2020",8:00pm,,Oklahoma City Thunder,Minnesota Timberwolves,,,,
"Jan 25, 2020",8:30pm,,Los Angeles Lakers,Philadelphia 76ers,,,,
"Jan 26, 2020",3:30pm,,Houston Rockets,Denver Nuggets,,,,
"Jan 26, 2020",4:00pm,,Toronto Raptors,San Antonio Spurs,,,,
"Jan 26, 2020",6:00pm,,Washington Wizards,Atlanta Hawks,,,,
"Jan 26, 2020",6:00pm,,Phoenix Suns,Memphis Grizzlies,,,,
"Jan 26, 2020",6:00pm,,Boston Celtics,New Orleans Pelicans,,,,
"Jan 26, 2020",6:00pm,,Brooklyn Nets,New York Knicks,,,,
"Jan 26, 2020",6:00pm,,Los Angeles Clippers,Orlando Magic,,,,
"Jan 26, 2020",9:00pm,,Indiana Pacers,Portland Trail Blazers,,,,
"Jan 27, 2020",7:00pm,,Cleveland Cavaliers,Detroit Pistons,,,,
"Jan 27, 2020",7:30pm,,Orlando Magic,Miami Heat,,,,
"Jan 27, 2020",8:00pm,,San Antonio Spurs,Chicago Bulls,,,,
"Jan 27, 2020",8:00pm,,Sacramento Kings,Minnesota Timberwolves,,,,
"Jan 27, 2020",8:00pm,,Dallas Mavericks,Oklahoma City Thunder,,,,
"Jan 27, 2020",9:00pm,,Houston Rockets,Utah Jazz,,,,
"Jan 28, 2020",7:00pm,,New York Knicks,Charlotte Hornets,,,,
"Jan 28, 2020",7:30pm,,New Orleans Pelicans,Cleveland Cavaliers,,,,
"Jan 28, 2020",7:30pm,,Boston Celtics,Miami Heat,,,,
"Jan 28, 2020",7:30pm,,Golden State Warriors,Philadelphia 76ers,,,,
"Jan 28, 2020",7:30pm,,Atlanta Hawks,Toronto Raptors,,,,
"Jan 28, 2020",8:00pm,,Denver Nuggets,Memphis Grizzlies,,,,
"Jan 28, 2020",8:00pm,,Washington Wizards,Milwaukee Bucks,,,,
"Jan 28, 2020",8:30pm,,Phoenix Suns,Dallas Mavericks,,,,
"Jan 28, 2020",10:00pm,,Los Angeles Clippers,Los Angeles Lakers,,,,
"Jan 29, 2020",7:00pm,,Chicago Bulls,Indiana Pacers,,,,
"Jan 29, 2020",7:30pm,,Detroit Pistons,Brooklyn Nets,,,,
"Jan 29, 2020",7:30pm,,Memphis Grizzlies,New York Knicks,,,,
"Jan 29, 2020",8:30pm,,Utah Jazz,San Antonio Spurs,,,,
"Jan 29, 2020",10:00pm,,Houston Rockets,Portland Trail Blazers,,,,
"Jan 29, 2020",10:00pm,,Oklahoma City Thunder,Sacramento Kings,,,,
"Jan 30, 2020",7:00pm,,Toronto Raptors,Cleveland Cavaliers,,,,
"Jan 30, 2020",7:00pm,,Charlotte Hornets,Washington Wizards,,,,
"Jan 30, 2020",7:30pm,,Philadelphia 76ers,Atlanta Hawks,,,,
"Jan 30, 2020",8:00pm,,Golden State Warriors,Boston Celtics,,,,
"Jan 30, 2020",10:30pm,,Utah Jazz,Denver Nuggets,,,,
"Jan 30, 2020",10:30pm,,Sacramento Kings,Los Angeles Clippers,,,,
"Jan 31, 2020",7:00pm,,Toronto Raptors,Detroit Pistons,,,,
"Jan 31, 2020",7:30pm,,Chicago Bulls,Brooklyn Nets,,,,
"Jan 31, 2020",8:00pm,,Dallas Mavericks,Houston Rockets,,,,
"Jan 31, 2020",8:00pm,,Memphis Grizzlies,New Orleans Pelicans,,,,
"Jan 31, 2020",9:00pm,,Denver Nuggets,Milwaukee Bucks,,,,
"Jan 31, 2020",9:00pm,,Oklahoma City Thunder,Phoenix Suns,,,,
"Jan 31, 2020",10:30pm,,Portland Trail Blazers,Los Angeles Lakers,,,,
"Feb 1, 2020",3:30pm,,Minnesota Timberwolves,Los Angeles Clippers,,,,
"Feb 1, 2020",7:00pm,,New York Knicks,Indiana Pacers,,,,
"Feb 1, 2020",7:00pm,,Miami Heat,Orlando Magic,,,,
"Feb 1, 2020",8:00pm,,Golden State Warriors,Cleveland Cavaliers,,,,
"Feb 1, 2020",8:00pm,,Brooklyn Nets,Washington Wizards,,,,
"Feb 1, 2020",8:30pm,,Philadelphia 76ers,Boston Celtics,,,,
"Feb 1, 2020",8:30pm,,Atlanta Hawks,Dallas Mavericks,,,,
"Feb 1, 2020",9:00pm,,Charlotte Hornets,San Antonio Spurs,,,,
"Feb 1, 2020",10:00pm,,Utah Jazz,Portland Trail Blazers,,,,
"Feb 1, 2020",10:00pm,,Los Angeles Lakers,Sacramento Kings,,,,
"Feb 2, 2020",12:30pm,,Denver Nuggets,Detroit Pistons,,,,
"Feb 2, 2020",2:00pm,,New Orleans Pelicans,Houston Rockets,,,,
"Feb 2, 2020",2:00pm,,Phoenix Suns,Milwaukee Bucks,,,,
"Feb 2, 2020",3:00pm,,Chicago Bulls,Toronto Raptors,,,,
"Feb 3, 2020",7:00pm,,Orlando Magic,Charlotte Hornets,,,,
"Feb 3, 2020",7:00pm,,New York Knicks,Cleveland Cavaliers,,,,
"Feb 3, 2020",7:00pm,,Dallas Mavericks,Indiana Pacers,,,,
"Feb 3, 2020",7:00pm,,Golden State Warriors,Washington Wizards,,,,
"Feb 3, 2020",7:30pm,,Boston Celtics,Atlanta Hawks,,,,
"Feb 3, 2020",7:30pm,,Phoenix Suns,Brooklyn Nets,,,,
"Feb 3, 2020",7:30pm,,Philadelphia 76ers,Miami Heat,,,,
"Feb 3, 2020",8:00pm,,Detroit Pistons,Memphis Grizzlies,,,,
"Feb 3, 2020",10:00pm,,Minnesota Timberwolves,Sacramento Kings,,,,
"Feb 3, 2020",10:30pm,,San Antonio Spurs,Los Angeles Clippers,,,,
"Feb 4, 2020",7:30pm,,Milwaukee Bucks,New Orleans Pelicans,,,,
"Feb 4, 2020",8:00pm,,Charlotte Hornets,Houston Rockets,,,,
"Feb 4, 2020",10:00pm,,Portland Trail Blazers,Denver Nuggets,,,,
"Feb 4, 2020",10:30pm,,San Antonio Spurs,Los Angeles Lakers,,,,
"Feb 5, 2020",7:00pm,,Phoenix Suns,Detroit Pistons,,,,
"Feb 5, 2020",7:30pm,,Orlando Magic,Boston Celtics,,,,
"Feb 5, 2020",7:30pm,,Golden State Warriors,Brooklyn Nets,,,,
"Feb 5, 2020",7:30pm,,Indiana Pacers,Toronto Raptors,,,,
"Feb 5, 2020",8:00pm,,Atlanta Hawks,Minnesota Timberwolves,,,,
"Feb 5, 2020",8:00pm,,Cleveland Cavaliers,Oklahoma City Thunder,,,,
"Feb 5, 2020",8:30pm,,Memphis Grizzlies,Dallas Mavericks,,,,
"Feb 5, 2020",10:00pm,,Denver Nuggets,Utah Jazz,,,,
"Feb 5, 2020",10:30pm,,Miami Heat,Los Angeles Clippers,,,,
"Feb 6, 2020",7:30pm,,Orlando Magic,New York Knicks,,,,
"Feb 6, 2020",8:00pm,,New Orleans Pelicans,Chicago Bulls,,,,
"Feb 6, 2020",8:00pm,,Philadelphia 76ers,Milwaukee Bucks,,,,
"Feb 6, 2020",10:00pm,,San Antonio Spurs,Portland Trail Blazers,,,,
"Feb 6, 2020",10:30pm,,Houston Rockets,Los Angeles Lakers,,,,
"Feb 7, 2020",7:00pm,,Memphis Grizzlies,Philadelphia 76ers,,,,
"Feb 7, 2020",7:00pm,,Dallas Mavericks,Washington Wizards,,,,
"Feb 7, 2020",7:30pm,,Atlanta Hawks,Boston Celtics,,,,
"Feb 7, 2020",8:00pm,,Toronto Raptors,Indiana Pacers,,,,
"Feb 7, 2020",8:00pm,,Detroit Pistons,Oklahoma City Thunder,,,,
"Feb 7, 2020",9:00pm,,Houston Rockets,Phoenix Suns,,,,
"Feb 7, 2020",10:00pm,,Miami Heat,Sacramento Kings,,,,
"Feb 7, 2020",10:30pm,,Portland Trail Blazers,Utah Jazz,,,,
"Feb 8, 2020",5:00pm,,Milwaukee Bucks,Orlando Magic,,,,
"Feb 8, 2020",7:00pm,,Dallas Mavericks,Charlotte Hornets,,,,
"Feb 8, 2020",7:00pm,,New York Knicks,Detroit Pistons,,,,
"Feb 8, 2020",7:30pm,,New Orleans Pelicans,Indiana Pacers,,,,
"Feb 8, 2020",7:30pm,,Brooklyn Nets,Toronto Raptors,,,,
"Feb 8, 2020",8:00pm,,Los Angeles Clippers,Minnesota Timberwolves,,,,
"Feb 8, 2020",8:30pm,,Los Angeles Lakers,Golden State Warriors,,,,
"Feb 8, 2020",9:00pm,,Denver Nuggets,Phoenix Suns,,,,
"Feb 8, 2020",10:00pm,,San Antonio Spurs,Sacramento Kings,,,,
"Feb 9, 2020",3:30pm,,Boston Celtics,Oklahoma City Thunder,,,,
"Feb 9, 2020",6:00pm,,New York Knicks,Atlanta Hawks,,,,
"Feb 9, 2020",6:00pm,,Chicago Bulls,Philadelphia 76ers,,,,
"Feb 9, 2020",6:00pm,,Memphis Grizzlies,Washington Wizards,,,,
"Feb 9, 2020",7:00pm,,Utah Jazz,Houston Rockets,,,,
"Feb 9, 2020",7:30pm,,Los Angeles Clippers,Cleveland Cavaliers,,,,
"Feb 9, 2020",9:00pm,,Miami Heat,Portland Trail Blazers,,,,
"Feb 10, 2020",7:00pm,,Charlotte Hornets,Detroit Pistons,,,,
"Feb 10, 2020",7:00pm,,Brooklyn Nets,Indiana Pacers,,,,
"Feb 10, 2020",7:00pm,,Atlanta Hawks,Orlando Magic,,,,
"Feb 10, 2020",7:30pm,,Minnesota Timberwolves,Toronto Raptors,,,,
"Feb 10, 2020",8:00pm,,Sacramento Kings,Milwaukee Bucks,,,,
"Feb 10, 2020",8:30pm,,Utah Jazz,Dallas Mavericks,,,,
"Feb 10, 2020",9:00pm,,San Antonio Spurs,Denver Nuggets,,,,
"Feb 10, 2020",10:30pm,,Miami Heat,Golden State Warriors,,,,
"Feb 10, 2020",10:30pm,,Phoenix Suns,Los Angeles Lakers,,,,
"Feb 11, 2020",7:00pm,,Los Angeles Clippers,Philadelphia 76ers,,,,
"Feb 11, 2020",7:00pm,,Chicago Bulls,Washington Wizards,,,,
"Feb 11, 2020",8:00pm,,Portland Trail Blazers,New Orleans Pelicans,,,,
"Feb 11, 2020",8:00pm,,San Antonio Spurs,Oklahoma City Thunder,,,,
"Feb 11, 2020",9:30pm,,Boston Celtics,Houston Rockets,,,,
"Feb 12, 2020",7:00pm,,Atlanta Hawks,Cleveland Cavaliers,,,,
"Feb 12, 2020",7:00pm,,Detroit Pistons,Orlando Magic,,,,
"Feb 12, 2020",7:30pm,,Toronto Raptors,Brooklyn Nets,,,,
"Feb 12, 2020",7:30pm,,Milwaukee Bucks,Indiana Pacers,,,,
"Feb 12, 2020",7:30pm,,Washington Wizards,New York Knicks,,,,
"Feb 12, 2020",8:00pm,,Portland Trail Blazers,Memphis Grizzlies,,,,
"Feb 12, 2020",8:00pm,,Charlotte Hornets,Minnesota Timberwolves,,,,
"Feb 12, 2020",8:30pm,,Sacramento Kings,Dallas Mavericks,,,,
"Feb 12, 2020",9:00pm,,Golden State Warriors,Phoenix Suns,,,,
"Feb 12, 2020",9:00pm,,Miami Heat,Utah Jazz,,,,
"Feb 12, 2020",10:00pm,,Los Angeles Lakers,Denver Nuggets,,,,
"Feb 13, 2020",8:00pm,,Los Angeles Clippers,Boston Celtics,,,,
"Feb 13, 2020",8:00pm,,Oklahoma City Thunder,New Orleans Pelicans,,,,
"Feb 20, 2020",7:00pm,,Milwaukee Bucks,Detroit Pistons,,,,
"Feb 20, 2020",7:30pm,,Miami Heat,Atlanta Hawks,,,,
"Feb 20, 2020",8:00pm,,Charlotte Hornets,Chicago Bulls,,,,
"Feb 20, 2020",8:00pm,,Brooklyn Nets,Philadelphia 76ers,,,,
"Feb 20, 2020",10:00pm,,Memphis Grizzlies,Sacramento Kings,,,,
"Feb 20, 2020",10:30pm,,Houston Rockets,Golden State Warriors,,,,
"Feb 21, 2020",7:00pm,,Dallas Mavericks,Orlando Magic,,,,
"Feb 21, 2020",7:00pm,,Cleveland Cavaliers,Washington Wizards,,,,
"Feb 21, 2020",7:30pm,,Indiana Pacers,New York Knicks,,,,
"Feb 21, 2020",7:30pm,,Phoenix Suns,Toronto Raptors,,,,
"Feb 21, 2020",8:00pm,,Boston Celtics,Minnesota Timberwolves,,,,
"Feb 21, 2020",8:00pm,,Denver Nuggets,Oklahoma City Thunder,,,,
"Feb 21, 2020",9:00pm,,San Antonio Spurs,Utah Jazz,,,,
"Feb 21, 2020",10:30pm,,Memphis Grizzlies,Los Angeles Lakers,,,,
"Feb 21, 2020",10:30pm,,New Orleans Pelicans,Portland Trail Blazers,,,,
"Feb 22, 2020",3:30pm,,Sacramento Kings,Los Angeles Clippers,,,,
"Feb 22, 2020",7:00pm,,Brooklyn Nets,Charlotte Hornets,,,,
"Feb 22, 2020",7:30pm,,Dallas Mavericks,Atlanta Hawks,,,,
"Feb 22, 2020",8:00pm,,Phoenix Suns,Chicago Bulls,,,,
"Feb 22, 2020",8:00pm,,Cleveland Cavaliers,Miami Heat,,,,
"Feb 22, 2020",8:30pm,,Philadelphia 76ers,Milwaukee Bucks,,,,
"Feb 22, 2020",9:00pm,,Houston Rockets,Utah Jazz,,,,
"Feb 23, 2020",3:30pm,,Boston Celtics,Los Angeles Lakers,,,,
"Feb 23, 2020",6:00pm,,Minnesota Timberwolves,Denver Nuggets,,,,
"Feb 23, 2020",6:00pm,,Indiana Pacers,Toronto Raptors,,,,
"Feb 23, 2020",7:00pm,,Washington Wizards,Chicago Bulls,,,,
"Feb 23, 2020",7:00pm,,San Antonio Spurs,Oklahoma City Thunder,,,,
"Feb 23, 2020",8:30pm,,New Orleans Pelicans,Golden State Warriors,,,,
"Feb 23, 2020",9:00pm,,Detroit Pistons,Portland Trail Blazers,,,,
"Feb 24, 2020",7:00pm,,Miami Heat,Cleveland Cavaliers,,,,
"Feb 24, 2020",7:00pm,,Atlanta Hawks,Philadelphia 76ers,,,,
"Feb 24, 2020",7:00pm,,Milwaukee Bucks,Washington Wizards,,,,
"Feb 24, 2020",7:30pm,,Orlando Magic,Brooklyn Nets,,,,
"Feb 24, 2020",8:00pm,,New York Knicks,Houston Rockets,,,,
"Feb 24, 2020",8:30pm,,Minnesota Timberwolves,Dallas Mavericks,,,,
"Feb 24, 2020",9:00pm,,Phoenix Suns,Utah Jazz,,,,
"Feb 24, 2020",10:30pm,,Memphis Grizzlies,Los Angeles Clippers,,,,
"Feb 25, 2020",7:00pm,,Charlotte Hornets,Indiana Pacers,,,,
"Feb 25, 2020",7:30pm,,Milwaukee Bucks,Toronto Raptors,,,,
"Feb 25, 2020",8:00pm,,Oklahoma City Thunder,Chicago Bulls,,,,
"Feb 25, 2020",9:00pm,,Detroit Pistons,Denver Nuggets,,,,
"Feb 25, 2020",10:00pm,,New Orleans Pelicans,Los Angeles Lakers,,,,
"Feb 25, 2020",10:00pm,,Boston Celtics,Portland Trail Blazers,,,,
"Feb 25, 2020",10:30pm,,Sacramento Kings,Golden State Warriors,,,,
"Feb 26, 2020",7:00pm,,New York Knicks,Charlotte Hornets,,,,
"Feb 26, 2020",7:00pm,,Philadelphia 76ers,Cleveland Cavaliers,,,,
"Feb 26, 2020",7:00pm,,Brooklyn Nets,Washington Wizards,,,,
"Feb 26, 2020",7:30pm,,Orlando Magic,Atlanta Hawks,,,,
"Feb 26, 2020",7:30pm,,Minnesota Timberwolves,Miami Heat,,,,
"Feb 26, 2020",7:30pm,,Dallas Mavericks,San Antonio Spurs,,,,
"Feb 26, 2020",8:00pm,,Memphis Grizzlies,Houston Rockets,,,,
"Feb 26, 2020",9:00pm,,Los Angeles Clippers,Phoenix Suns,,,,
"Feb 26, 2020",10:00pm,,Boston Celtics,Utah Jazz,,,,
"Feb 27, 2020",7:00pm,,New York Knicks,Philadelphia 76ers,,,,
"Feb 27, 2020",8:00pm,,Portland Trail Blazers,Indiana Pacers,,,,
"Feb 27, 2020",8:00pm,,Sacramento Kings,Oklahoma City Thunder,,,,
"Feb 27, 2020",10:30pm,,Los Angeles Lakers,Golden State Warriors,,,,
"Feb 28, 2020",7:00pm,,Minnesota Timberwolves,Orlando Magic,,,,
"Feb 28, 2020",7:30pm,,Brooklyn Nets,Atlanta Hawks,,,,
"Feb 28, 2020",7:30pm,,Charlotte Hornets,Toronto Raptors,,,,
"Feb 28, 2020",8:00pm,,Sacramento Kings,Memphis Grizzlies,,,,
"Feb 28, 2020",8:00pm,,Dallas Mavericks,Miami Heat,,,,
"Feb 28, 2020",8:00pm,,Oklahoma City Thunder,Milwaukee Bucks,,,,
"Feb 28, 2020",8:00pm,,Cleveland Cavaliers,New Orleans Pelicans,,,,
"Feb 28, 2020",9:00pm,,Detroit Pistons,Phoenix Suns,,,,
"Feb 28, 2020",9:00pm,,Washington Wizards,Utah Jazz,,,,
"Feb 28, 2020",10:30pm,,Denver Nuggets,Los Angeles Clippers,,,,
"Feb 29, 2020",5:00pm,,Chicago Bulls,New York Knicks,,,,
"Feb 29, 2020",7:30pm,,Portland Trail Blazers,Atlanta Hawks,,,,
"Feb 29, 2020",7:30pm,,Brooklyn Nets,Miami Heat,,,,
"Feb 29, 2020",8:00pm,,Indiana Pacers,Cleveland Cavaliers,,,,
"Feb 29, 2020",8:00pm,,Los Angeles Lakers,Memphis Grizzlies,,,,
"Feb 29, 2020",8:30pm,,Houston Rockets,Boston Celtics,,,,
"Feb 29, 2020",8:30pm,,Orlando Magic,San Antonio Spurs,,,,
"Feb 29, 2020",9:00pm,,Golden State Warriors,Phoenix Suns,,,,
"Mar 1, 2020",1:00pm,,Milwaukee Bucks,Charlotte Hornets,,,,
"Mar 1, 2020",3:30pm,,Philadelphia 76ers,Los Angeles Clippers,,,,
"Mar 1, 2020",3:30pm,,Dallas Mavericks,Minnesota Timberwolves,,,,
"Mar 1, 2020",6:00pm,,Toronto Raptors,Denver Nuggets,,,,
"Mar 1, 2020",6:00pm,,Detroit Pistons,Sacramento Kings,,,,
"Mar 1, 2020",8:00pm,,Los Angeles Lakers,New Orleans Pelicans,,,,
"Mar 1, 2020",8:30pm,,Washington Wizards,Golden State Warriors,,,,
"Mar 2, 2020",7:00pm,,Utah Jazz,Cleveland Cavaliers,,,,
"Mar 2, 2020",7:00pm,,Houston Rockets,New York Knicks,,,,
"Mar 2, 2020",7:00pm,,Portland Trail Blazers,Orlando Magic,,,,
"Mar 2, 2020",7:30pm,,Memphis Grizzlies,Atlanta Hawks,,,,
"Mar 2, 2020",7:30pm,,Milwaukee Bucks,Miami Heat,,,,
"Mar 2, 2020",8:00pm,,Dallas Mavericks,Chicago Bulls,,,,
"Mar 2, 2020",8:30pm,,Indiana Pacers,San Antonio Spurs,,,,
"Mar 3, 2020",7:00pm,,San Antonio Spurs,Charlotte Hornets,,,,
"Mar 3, 2020",7:30pm,,Brooklyn Nets,Boston Celtics,,,,
"Mar 3, 2020",8:00pm,,Minnesota Timberwolves,New Orleans Pelicans,,,,
"Mar 3, 2020",8:00pm,,Los Angeles Clippers,Oklahoma City Thunder,,,,
"Mar 3, 2020",9:00pm,,Golden State Warriors,Denver Nuggets,,,,
"Mar 3, 2020",9:00pm,,Toronto Raptors,Phoenix Suns,,,,
"Mar 3, 2020",10:00pm,,Philadelphia 76ers,Los Angeles Lakers,,,,
"Mar 3, 2020",10:00pm,,Washington Wizards,Sacramento Kings,,,,
"Mar 4, 2020",7:00pm,,Boston Celtics,Cleveland Cavaliers,,,,
"Mar 4, 2020",7:00pm,,Oklahoma City Thunder,Detroit Pistons,,,,
"Mar 4, 2020",7:00pm,,Orlando Magic,Miami Heat,,,,
"Mar 4, 2020",7:30pm,,Memphis Grizzlies,Brooklyn Nets,,,,
"Mar 4, 2020",7:30pm,,Utah Jazz,New York Knicks,,,,
"Mar 4, 2020",8:00pm,,Chicago Bulls,Minnesota Timberwolves,,,,
"Mar 4, 2020",8:30pm,,New Orleans Pelicans,Dallas Mavericks,,,,
"Mar 4, 2020",9:30pm,,Indiana Pacers,Milwaukee Bucks,,,,
"Mar 4, 2020",10:00pm,,Washington Wizards,Portland Trail Blazers,,,,
"Mar 5, 2020",7:00pm,,Denver Nuggets,Charlotte Hornets,,,,
"Mar 5, 2020",8:00pm,,Los Angeles Clippers,Houston Rockets,,,,
"Mar 5, 2020",10:00pm,,Philadelphia 76ers,Sacramento Kings,,,,
"Mar 5, 2020",10:30pm,,Toronto Raptors,Golden State Warriors,,,,
"Mar 6, 2020",7:00pm,,Atlanta Hawks,Washington Wizards,,,,
"Mar 6, 2020",7:30pm,,San Antonio Spurs,Brooklyn Nets,,,,
"Mar 6, 2020",7:30pm,,Oklahoma City Thunder,New York Knicks,,,,
"Mar 6, 2020",8:00pm,,Utah Jazz,Boston Celtics,,,,
"Mar 6, 2020",8:00pm,,Indiana Pacers,Chicago Bulls,,,,
"Mar 6, 2020",8:00pm,,Orlando Magic,Minnesota Timberwolves,,,,
"Mar 6, 2020",8:00pm,,Miami Heat,New Orleans Pelicans,,,,
"Mar 6, 2020",8:30pm,,Memphis Grizzlies,Dallas Mavericks,,,,
"Mar 6, 2020",9:00pm,,Portland Trail Blazers,Phoenix Suns,,,,
"Mar 6, 2020",10:30pm,,Milwaukee Bucks,Los Angeles Lakers,,,,
"Mar 7, 2020",5:00pm,,Houston Rockets,Charlotte Hornets,,,,
"Mar 7, 2020",7:00pm,,Utah Jazz,Detroit Pistons,,,,
"Mar 7, 2020",7:30pm,,Denver Nuggets,Cleveland Cavaliers,,,,
"Mar 7, 2020",8:00pm,,Atlanta Hawks,Memphis Grizzlies,,,,
"Mar 7, 2020",8:30pm,,Philadelphia 76ers,Golden State Warriors,,,,
"Mar 7, 2020",10:00pm,,Sacramento Kings,Portland Trail Blazers,,,,
"Mar 8, 2020",3:00pm,,Chicago Bulls,Brooklyn Nets,,,,
"Mar 8, 2020",3:30pm,,Los Angeles Lakers,Los Angeles Clippers,,,,
"Mar 8, 2020",3:30pm,,New Orleans Pelicans,Minnesota Timberwolves,,,,
"Mar 8, 2020",6:00pm,,Oklahoma City Thunder,Boston Celtics,,,,
"Mar 8, 2020",6:00pm,,Milwaukee Bucks,Phoenix Suns,,,,
"Mar 8, 2020",7:00pm,,Indiana Pacers,Dallas Mavericks,,,,
"Mar 8, 2020",7:00pm,,Orlando Magic,Houston Rockets,,,,
"Mar 8, 2020",7:00pm,,Miami Heat,Washington Wizards,,,,
"Mar 8, 2020",7:30pm,,San Antonio Spurs,Cleveland Cavaliers,,,,
"Mar 8, 2020",7:30pm,,Detroit Pistons,New York Knicks,,,,
"Mar 8, 2020",9:00pm,,Toronto Raptors,Sacramento Kings,,,,
"Mar 9, 2020",7:30pm,,Charlotte Hornets,Atlanta Hawks,,,,
"Mar 9, 2020",9:00pm,,Milwaukee Bucks,Denver Nuggets,,,,
"Mar 9, 2020",9:00pm,,Toronto Raptors,Utah Jazz,,,,
"Mar 10, 2020",7:00pm,,Boston Celtics,Indiana Pacers,,,,
"Mar 10, 2020",7:00pm,,New York Knicks,Washington Wizards,,,,
"Mar 10, 2020",8:00pm,,Cleveland Cavaliers,Chicago Bulls,,,,
"Mar 10, 2020",8:00pm,,Minnesota Timberwolves,Houston Rockets,,,,
"Mar 10, 2020",8:00pm,,Orlando Magic,Memphis Grizzlies,,,,
"Mar 10, 2020",8:00pm,,Dallas Mavericks,San Antonio Spurs,,,,
"Mar 10, 2020",10:00pm,,Phoenix Suns,Portland Trail Blazers,,,,
"Mar 10, 2020",10:30pm,,Los Angeles Clippers,Golden State Warriors,,,,
"Mar 10, 2020",10:30pm,,Brooklyn Nets,Los Angeles Lakers,,,,
"Mar 11, 2020",7:30pm,,New York Knicks,Atlanta Hawks,,,,
"Mar 11, 2020",7:30pm,,Charlotte Hornets,Miami Heat,,,,
"Mar 11, 2020",7:30pm,,Detroit Pistons,Philadelphia 76ers,,,,
"Mar 11, 2020",8:00pm,,Utah Jazz,Oklahoma City Thunder,,,,
"Mar 11, 2020",8:30pm,,Denver Nuggets,Dallas Mavericks,,,,
"Mar 11, 2020",10:00pm,,New Orleans Pelicans,Sacramento Kings,,,,
"Mar 12, 2020",7:00pm,,Chicago Bulls,Orlando Magic,,,,
"Mar 12, 2020",8:00pm,,Boston Celtics,Milwaukee Bucks,,,,
"Mar 12, 2020",10:00pm,,Memphis Grizzlies,Portland Trail Blazers,,,,
"Mar 12, 2020",10:30pm,,Brooklyn Nets,Golden State Warriors,,,,
"Mar 12, 2020",10:30pm,,Houston Rockets,Los Angeles Lakers,,,,
"Mar 13, 2020",7:00pm,,Cleveland Cavaliers,Charlotte Hornets,,,,
"Mar 13, 2020",7:30pm,,Washington Wizards,Boston Celtics,,,,
"Mar 13, 2020",8:00pm,,New York Knicks,Miami Heat,,,,
"Mar 13, 2020",8:00pm,,Minnesota Timberwolves,Oklahoma City Thunder,,,,
"Mar 13, 2020",8:30pm,,Denver Nuggets,San Antonio Spurs,,,,
"Mar 13, 2020",9:00pm,,New Orleans Pelicans,Utah Jazz,,,,
"Mar 13, 2020",10:30pm,,Brooklyn Nets,Los Angeles Clippers,,,,
"Mar 14, 2020",2:00pm,,Phoenix Suns,Dallas Mavericks,,,,
"Mar 14, 2020",7:30pm,,Cleveland Cavaliers,Atlanta Hawks,,,,
"Mar 14, 2020",7:30pm,,Indiana Pacers,Philadelphia 76ers,,,,
"Mar 14, 2020",7:30pm,,Detroit Pistons,Toronto Raptors,,,,
"Mar 14, 2020",8:00pm,,Chicago Bulls,Miami Heat,,,,
"Mar 14, 2020",8:30pm,,Golden State Warriors,Milwaukee Bucks,,,,
"Mar 14, 2020",8:30pm,,Minnesota Timberwolves,San Antonio Spurs,,,,
"Mar 14, 2020",9:00pm,,Memphis Grizzlies,Utah Jazz,,,,
"Mar 14, 2020",10:30pm,,New Orleans Pelicans,Los Angeles Clippers,,,,
"Mar 15, 2020",3:30pm,,Houston Rockets,Portland Trail Blazers,,,,
"Mar 15, 2020",6:00pm,,Charlotte Hornets,Orlando Magic,,,,
"Mar 15, 2020",6:00pm,,Oklahoma City Thunder,Washington Wizards,,,,
"Mar 15, 2020",8:00pm,,Boston Celtics,Chicago Bulls,,,,
"Mar 15, 2020",9:00pm,,Denver Nuggets,Los Angeles Lakers,,,,
"Mar 15, 2020",9:00pm,,Brooklyn Nets,Sacramento Kings,,,,
"Mar 16, 2020",7:00pm,,Washington Wizards,Philadelphia 76ers,,,,
"Mar 16, 2020",8:00pm,,Miami Heat,Milwaukee Bucks,,,,
"Mar 16, 2020",8:00pm,,Atlanta Hawks,New Orleans Pelicans,,,,
"Mar 16, 2020",8:00pm,,Golden State Warriors,Toronto Raptors,,,,
"Mar 16, 2020",8:30pm,,Memphis Grizzlies,San Antonio Spurs,,,,
"Mar 16, 2020",9:00pm,,Los Angeles Lakers,Utah Jazz,,,,
"Mar 16, 2020",10:30pm,,Dallas Mavericks,Los Angeles Clippers,,,,
"Mar 17, 2020",7:00pm,,Orlando Magic,Detroit Pistons,,,,
"Mar 17, 2020",7:30pm,,Charlotte Hornets,New York Knicks,,,,
"Mar 17, 2020",8:00pm,,Cleveland Cavaliers,Houston Rockets,,,,
"Mar 17, 2020",8:00pm,,Oklahoma City Thunder,Memphis Grizzlies,,,,
"Mar 17, 2020",10:00pm,,Minnesota Timberwolves,Portland Trail Blazers,,,,
"Mar 17, 2020",10:00pm,,Dallas Mavericks,Sacramento Kings,,,,
"Mar 18, 2020",7:00pm,,Toronto Raptors,Philadelphia 76ers,,,,
"Mar 18, 2020",7:30pm,,Oklahoma City Thunder,Atlanta Hawks,,,,
"Mar 18, 2020",7:30pm,,New York Knicks,Boston Celtics,,,,
"Mar 18, 2020",7:30pm,,Washington Wizards,Brooklyn Nets,,,,
"Mar 18, 2020",7:30pm,,Golden State Warriors,Indiana Pacers,,,,
"Mar 18, 2020",8:00pm,,Miami Heat,Chicago Bulls,,,,
"Mar 18, 2020",8:00pm,,San Antonio Spurs,New Orleans Pelicans,,,,
"Mar 18, 2020",9:00pm,,Los Angeles Clippers,Denver Nuggets,,,,
"Mar 18, 2020",10:00pm,,Utah Jazz,Los Angeles Lakers,,,,
"Mar 18, 2020",10:00pm,,Minnesota Timberwolves,Phoenix Suns,,,,
"Mar 19, 2020",7:00pm,,Philadelphia 76ers,Charlotte Hornets,,,,
"Mar 19, 2020",7:00pm,,Cleveland Cavaliers,Orlando Magic,,,,
"Mar 19, 2020",8:00pm,,Sacramento Kings,Houston Rockets,,,,
"Mar 19, 2020",8:00pm,,Memphis Grizzlies,Milwaukee Bucks,,,,
"Mar 19, 2020",10:00pm,,Dallas Mavericks,Portland Trail Blazers,,,,
"Mar 20, 2020",7:00pm,,Golden State Warriors,Detroit Pistons,,,,
"Mar 20, 2020",7:00pm,,Miami Heat,Indiana Pacers,,,,
"Mar 20, 2020",7:30pm,,Washington Wizards,Atlanta Hawks,,,,
"Mar 20, 2020",7:30pm,,Boston Celtics,Toronto Raptors,,,,
"Mar 20, 2020",8:00pm,,Denver Nuggets,Oklahoma City Thunder,,,,
"Mar 20, 2020",8:30pm,,Chicago Bulls,San Antonio Spurs,,,,
"Mar 20, 2020",9:00pm,,Minnesota Timberwolves,Utah Jazz,,,,
"Mar 20, 2020",10:30pm,,Phoenix Suns,Los Angeles Clippers,,,,
"Mar 21, 2020",6:00pm,,Boston Celtics,Brooklyn Nets,,,,
"Mar 21, 2020",7:00pm,,Los Angeles Lakers,Charlotte Hornets,,,,
"Mar 21, 2020",7:00pm,,Cleveland Cavaliers,Indiana Pacers,,,,
"Mar 21, 2020",7:00pm,,Sacramento Kings,Orlando Magic,,,,
"Mar 21, 2020",7:00pm,,Atlanta Hawks,Philadelphia 76ers,,,,
"Mar 21, 2020",7:30pm,,Golden State Warriors,New York Knicks,,,,
"Mar 21, 2020",8:00pm,,Chicago Bulls,Houston Rockets,,,,
"Mar 21, 2020",8:00pm,,New Orleans Pelicans,Memphis Grizzlies,,,,
"Mar 21, 2020",8:00pm,,Milwaukee Bucks,Washington Wizards,,,,
"Mar 21, 2020",10:00pm,,Dallas Mavericks,Phoenix Suns,,,,
"Mar 22, 2020",6:00pm,,Los Angeles Lakers,Detroit Pistons,,,,
"Mar 22, 2020",6:00pm,,Denver Nuggets,Toronto Raptors,,,,
"Mar 22, 2020",7:00pm,,Portland Trail Blazers,Minnesota Timberwolves,,,,
"Mar 22, 2020",7:00pm,,Sacramento Kings,New Orleans Pelicans,,,,
"Mar 22, 2020",7:00pm,,Utah Jazz,San Antonio Spurs,,,,
"Mar 23, 2020",7:00pm,,Phoenix Suns,Indiana Pacers,,,,
"Mar 23, 2020",7:00pm,,Los Angeles Clippers,New York Knicks,,,,
"Mar 23, 2020",7:00pm,,Boston Celtics,Washington Wizards,,,,
"Mar 23, 2020",7:30pm,,Orlando Magic,Brooklyn Nets,,,,
"Mar 23, 2020",7:30pm,,Oklahoma City Thunder,Miami Heat,,,,
"Mar 23, 2020",8:00pm,,Denver Nuggets,Chicago Bulls,,,,
"Mar 23, 2020",8:00pm,,Detroit Pistons,Milwaukee Bucks,,,,
"Mar 23, 2020",8:30pm,,Houston Rockets,Dallas Mavericks,,,,
"Mar 24, 2020",7:00pm,,Portland Trail Blazers,Charlotte Hornets,,,,
"Mar 24, 2020",7:00pm,,Sacramento Kings,Cleveland Cavaliers,,,,
"Mar 24, 2020",7:30pm,,Los Angeles Lakers,Toronto Raptors,,,,
"Mar 24, 2020",8:00pm,,Philadelphia 76ers,Minnesota Timberwolves,,,,
"Mar 24, 2020",8:00pm,,Memphis Grizzlies,New Orleans Pelicans,,,,
"Mar 24, 2020",10:00pm,,San Antonio Spurs,Utah Jazz,,,,
"Mar 25, 2020",7:00pm,,Los Angeles Clippers,Brooklyn Nets,,,,
"Mar 25, 2020",7:00pm,,Portland Trail Blazers,Detroit Pistons,,,,
"Mar 25, 2020",7:00pm,,Indiana Pacers,Orlando Magic,,,,
"Mar 25, 2020",7:00pm,,Phoenix Suns,Washington Wizards,,,,
"Mar 25, 2020",7:30pm,,Denver Nuggets,Miami Heat,,,,
"Mar 25, 2020",7:30pm,,Toronto Raptors,New York Knicks,,,,
"Mar 25, 2020",8:00pm,,Boston Celtics,Memphis Grizzlies,,,,
"Mar 25, 2020",9:30pm,,Houston Rockets,Milwaukee Bucks,,,,
"Mar 25, 2020",10:30pm,,Atlanta Hawks,Golden State Warriors,,,,
"Mar 26, 2020",7:00pm,,Los Angeles Lakers,Cleveland Cavaliers,,,,
"Mar 26, 2020",8:00pm,,Philadelphia 76ers,Chicago Bulls,,,,
"Mar 26, 2020",8:00pm,,San Antonio Spurs,Minnesota Timberwolves,,,,
"Mar 26, 2020",8:00pm,,Charlotte Hornets,Oklahoma City Thunder,,,,
"Mar 26, 2020",8:30pm,,Utah Jazz,Dallas Mavericks,,,,
"Mar 26, 2020",10:00pm,,Atlanta Hawks,Sacramento Kings,,,,
"Mar 27, 2020",7:00pm,,Los Angeles Clippers,Detroit Pistons,,,,
"Mar 27, 2020",7:00pm,,Houston Rockets,Indiana Pacers,,,,
"Mar 27, 2020",7:00pm,,Brooklyn Nets,Orlando Magic,,,,
"Mar 27, 2020",7:00pm,,Phoenix Suns,Philadelphia 76ers,,,,
"Mar 27, 2020",7:30pm,,Portland Trail Blazers,Boston Celtics,,,,
"Mar 27, 2020",8:00pm,,New York Knicks,New Orleans Pelicans,,,,
"Mar 27, 2020",8:30pm,,Washington Wizards,Milwaukee Bucks,,,,
"Mar 27, 2020",9:00pm,,San Antonio Spurs,Denver Nuggets,,,,
"Mar 28, 2020",6:00pm,,Cleveland Cavaliers,Brooklyn Nets,,,,
"Mar 28, 2020",7:00pm,,Los Angeles Clippers,Charlotte Hornets,,,,
"Mar 28, 2020",8:00pm,,New York Knicks,Chicago Bulls,,,,
"Mar 28, 2020",8:00pm,,Toronto Raptors,Memphis Grizzlies,,,,
"Mar 28, 2020",8:00pm,,Phoenix Suns,Miami Heat,,,,
"Mar 28, 2020",8:00pm,,Los Angeles Lakers,Washington Wizards,,,,
"Mar 28, 2020",8:30pm,,Oklahoma City Thunder,Golden State Warriors,,,,
"Mar 28, 2020",9:00pm,,Atlanta Hawks,Utah Jazz,,,,
"Mar 29, 2020",3:00pm,,Milwaukee Bucks,Dallas Mavericks,,,,
"Mar 29, 2020",5:00pm,,Houston Rockets,Detroit Pistons,,,,
"Mar 29, 2020",6:00pm,,Minnesota Timberwolves,Boston Celtics,,,,
"Mar 29, 2020",6:00pm,,New Orleans Pelicans,Orlando Magic,,,,
"Mar 29, 2020",7:30pm,,Portland Trail Blazers,Philadelphia 76ers,,,,
"Mar 29, 2020",8:30pm,,San Antonio Spurs,Golden State Warriors,,,,
"Mar 29, 2020",9:00pm,,Indiana Pacers,Sacramento Kings,,,,
"Mar 30, 2020",7:00pm,,Miami Heat,Charlotte Hornets,,,,
"Mar 30, 2020",7:00pm,,Phoenix Suns,Cleveland Cavaliers,,,,
"Mar 30, 2020",7:30pm,,Portland Trail Blazers,Brooklyn Nets,,,,
"Mar 30, 2020",7:30pm,,Memphis Grizzlies,Toronto Raptors,,,,
"Mar 30, 2020",8:00pm,,Los Angeles Lakers,Minnesota Timberwolves,,,,
"Mar 30, 2020",9:00pm,,Oklahoma City Thunder,Denver Nuggets,,,,
"Mar 30, 2020",9:00pm,,Chicago Bulls,Utah Jazz,,,,
"Mar 30, 2020",10:30pm,,Indiana Pacers,Los Angeles Clippers,,,,
"Mar 31, 2020",7:30pm,,New Orleans Pelicans,Atlanta Hawks,,,,
"Mar 31, 2020",7:30pm,,Houston Rockets,Philadelphia 76ers,,,,
"Mar 31, 2020",10:00pm,,Denver Nuggets,Golden State Warriors,,,,
"Mar 31, 2020",10:00pm,,San Antonio Spurs,Sacramento Kings,,,,
"Apr 1, 2020",7:00pm,,Charlotte Hornets,Orlando Magic,,,,
"Apr 1, 2020",7:00pm,,New Orleans Pelicans,Washington Wizards,,,,
"Apr 1, 2020",7:30pm,,Miami Heat,Boston Celtics,,,,
"Apr 1, 2020",7:30pm,,Detroit Pistons,Brooklyn Nets,,,,
"Apr 1, 2020",8:00pm,,New York Knicks,Memphis Grizzlies,,,,
"Apr 1, 2020",8:00pm,,Dallas Mavericks,Minnesota Timberwolves,,,,
"Apr 1, 2020",8:00pm,,Phoenix Suns,Oklahoma City Thunder,,,,
"Apr 1, 2020",9:00pm,,Toronto Raptors,Milwaukee Bucks,,,,
"Apr 1, 2020",9:00pm,,Cleveland Cavaliers,Utah Jazz,,,,
"Apr 1, 2020",10:30pm,,Indiana Pacers,Los Angeles Lakers,,,,
"Apr 2, 2020",8:00pm,,Golden State Warriors,Houston Rockets,,,,
"Apr 2, 2020",10:00pm,,Los Angeles Clippers,Sacramento Kings,,,,
"Apr 2, 2020",10:30pm,,Utah Jazz,Portland Trail Blazers,,,,
"Apr 3, 2020",7:00pm,,Miami Heat,Detroit Pistons,,,,
"Apr 3, 2020",7:00pm,,Brooklyn Nets,Indiana Pacers,,,,
"Apr 3, 2020",7:00pm,,Philadelphia 76ers,Washington Wizards,,,,
"Apr 3, 2020",7:30pm,,Charlotte Hornets,Atlanta Hawks,,,,
"Apr 3, 2020",7:30pm,,Orlando Magic,Boston Celtics,,,,
"Apr 3, 2020",7:30pm,,Minnesota Timberwolves,New York Knicks,,,,
"Apr 3, 2020",7:30pm,,Milwaukee Bucks,Toronto Raptors,,,,
"Apr 3, 2020",8:00pm,,Dallas Mavericks,Memphis Grizzlies,,,,
"Apr 3, 2020",8:30pm,,Golden State Warriors,San Antonio Spurs,,,,
"Apr 3, 2020",9:00pm,,Chicago Bulls,Denver Nuggets,,,,
"Apr 3, 2020",10:00pm,,Cleveland Cavaliers,Phoenix Suns,,,,
"Apr 4, 2020",3:30pm,,Oklahoma City Thunder,Los Angeles Clippers,,,,
"Apr 4, 2020",10:00pm,,Los Angeles Lakers,Sacramento Kings,,,,
"Apr 5, 2020",1:00pm,,Atlanta Hawks,Charlotte Hornets,,,,
"Apr 5, 2020",1:00pm,,Orlando Magic,Philadelphia 76ers,,,,
"Apr 5, 2020",3:30pm,,Milwaukee Bucks,Boston Celtics,,,,
"Apr 5, 2020",5:00pm,,Washington Wizards,Indiana Pacers,,,,
"Apr 5, 2020",5:00pm,,Miami Heat,New York Knicks,,,,
"Apr 5, 2020",6:00pm,,Dallas Mavericks,Brooklyn Nets,,,,
"Apr 5, 2020",6:00pm,,Utah Jazz,Denver Nuggets,,,,
"Apr 5, 2020",6:00pm,,Chicago Bulls,Phoenix Suns,,,,
"Apr 5, 2020",7:00pm,,Toronto Raptors,Houston Rockets,,,,
"Apr 5, 2020",7:00pm,,Detroit Pistons,Minnesota Timberwolves,,,,
"Apr 5, 2020",7:00pm,,New Orleans Pelicans,San Antonio Spurs,,,,
"Apr 5, 2020",9:00pm,,Memphis Grizzlies,Portland Trail Blazers,,,,
"Apr 5, 2020",9:00pm,,Cleveland Cavaliers,Sacramento Kings,,,,
"Apr 5, 2020",9:30pm,,Oklahoma City Thunder,Los Angeles Lakers,,,,
"Apr 7, 2020",7:00pm,,Toronto Raptors,Washington Wizards,,,,
"Apr 7, 2020",7:30pm,,Detroit Pistons,Atlanta Hawks,,,,
"Apr 7, 2020",7:30pm,,Indiana Pacers,Miami Heat,,,,
"Apr 7, 2020",7:30pm,,Milwaukee Bucks,Philadelphia 76ers,,,,
"Apr 7, 2020",8:00pm,,Phoenix Suns,Minnesota Timberwolves,,,,
"Apr 7, 2020",8:00pm,,Charlotte Hornets,New Orleans Pelicans,,,,
"Apr 7, 2020",8:00pm,,Brooklyn Nets,Oklahoma City Thunder,,,,
"Apr 7, 2020",8:30pm,,Houston Rockets,Dallas Mavericks,,,,
"Apr 7, 2020",8:30pm,,Sacramento Kings,San Antonio Spurs,,,,
"Apr 7, 2020",9:00pm,,Memphis Grizzlies,Denver Nuggets,,,,
"Apr 7, 2020",10:00pm,,Cleveland Cavaliers,Portland Trail Blazers,,,,
"Apr 7, 2020",10:00pm,,Los Angeles Clippers,Utah Jazz,,,,
"Apr 7, 2020",10:30pm,,Chicago Bulls,Los Angeles Lakers,,,,
"Apr 8, 2020",7:00pm,,Indiana Pacers,Boston Celtics,,,,
"Apr 8, 2020",7:00pm,,Toronto Raptors,Charlotte Hornets,,,,
"Apr 8, 2020",7:30pm,,Orlando Magic,New York Knicks,,,,
"Apr 8, 2020",9:30pm,,San Antonio Spurs,Houston Rockets,,,,
"Apr 8, 2020",10:30pm,,Cleveland Cavaliers,Golden State Warriors,,,,
"Apr 8, 2020",10:30pm,,Chicago Bulls,Los Angeles Clippers,,,,
"Apr 9, 2020",7:30pm,,Detroit Pistons,Miami Heat,,,,
"Apr 9, 2020",8:00pm,,Brooklyn Nets,Milwaukee Bucks,,,,
"Apr 9, 2020",8:00pm,,Sacramento Kings,Minnesota Timberwolves,,,,
"Apr 9, 2020",8:00pm,,Phoenix Suns,New Orleans Pelicans,,,,
"Apr 9, 2020",10:00pm,,Denver Nuggets,Portland Trail Blazers,,,,
"Apr 9, 2020",10:30pm,,Golden State Warriors,Los Angeles Lakers,,,,
"Apr 10, 2020",7:00pm,,Boston Celtics,Orlando Magic,,,,
"Apr 10, 2020",7:30pm,,Atlanta Hawks,Toronto Raptors,,,,
"Apr 10, 2020",8:00pm,,Washington Wizards,Houston Rockets,,,,
"Apr 10, 2020",8:00pm,,New York Knicks,Oklahoma City Thunder,,,,
"Apr 10, 2020",8:30pm,,Philadelphia 76ers,San Antonio Spurs,,,,
"Apr 11, 2020",3:00pm,,Detroit Pistons,Dallas Mavericks,,,,
"Apr 11, 2020",7:00pm,,Washington Wizards,Charlotte Hornets,,,,
"Apr 11, 2020",7:00pm,,Orlando Magic,Indiana Pacers,,,,
"Apr 11, 2020",7:00pm,,Philadelphia 76ers,New Orleans Pelicans,,,,
"Apr 11, 2020",7:30pm,,Milwaukee Bucks,Cleveland Cavaliers,,,,
"Apr 11, 2020",8:00pm,,Brooklyn Nets,Chicago Bulls,,,,
"Apr 11, 2020",8:00pm,,Oklahoma City Thunder,Memphis Grizzlies,,,,
"Apr 11, 2020",8:00pm,,Boston Celtics,Miami Heat,,,,
"Apr 11, 2020",8:30pm,,Golden State Warriors,Los Angeles Clippers,,,,
"Apr 11, 2020",9:00pm,,Sacramento Kings,Denver Nuggets,,,,
"Apr 11, 2020",10:00pm,,Utah Jazz,Phoenix Suns,,,,
"Apr 12, 2020",3:30pm,,Houston Rockets,San Antonio Spurs,,,,
"Apr 12, 2020",6:00pm,,New York Knicks,Toronto Raptors,,,,
"Apr 12, 2020",7:00pm,,Atlanta Hawks,Milwaukee Bucks,,,,
"Apr 12, 2020",9:30pm,,Minnesota Timberwolves,Los Angeles Lakers,,,,
"Apr 13, 2020",7:00pm,,Miami Heat,Charlotte Hornets,,,,
"Apr 13, 2020",7:00pm,,Brooklyn Nets,Cleveland Cavaliers,,,,
"Apr 13, 2020",7:00pm,,Boston Celtics,Detroit Pistons,,,,
"Apr 13, 2020",7:00pm,,San Antonio Spurs,Indiana Pacers,,,,
"Apr 13, 2020",8:00pm,,Orlando Magic,Chicago Bulls,,,,
"Apr 13, 2020",8:00pm,,Phoenix Suns,Houston Rockets,,,,
"Apr 13, 2020",8:00pm,,Philadelphia 76ers,Memphis Grizzlies,,,,
"Apr 13, 2020",8:00pm,,Washington Wizards,New Orleans Pelicans,,,,
"Apr 13, 2020",8:00pm,,Utah Jazz,Oklahoma City Thunder,,,,
"Apr 13, 2020",9:00pm,,Dallas Mavericks,Denver Nuggets,,,,
"Apr 13, 2020",10:30pm,,Portland Trail Blazers,Golden State Warriors,,,,
"Apr 13, 2020",10:30pm,,Minnesota Timberwolves,Los Angeles Clippers,,,,
"Apr 14, 2020",7:30pm,,Toronto Raptors,Miami Heat,,,,
"Apr 14, 2020",7:30pm,,Detroit Pistons,New York Knicks,,,,
"Apr 14, 2020",10:00pm,,Denver Nuggets,Utah Jazz,,,,
"Apr 14, 2020",10:30pm,,Sacramento Kings,Los Angeles Lakers,,,,
"Apr 15, 2020",7:30pm,,Cleveland Cavaliers,Atlanta Hawks,,,,
"Apr 15, 2020",7:30pm,,Chicago Bulls,Boston Celtics,,,,
"Apr 15, 2020",7:30pm,,Milwaukee Bucks,Brooklyn Nets,,,,
"Apr 15, 2020",7:30pm,,Oklahoma City Thunder,Dallas Mavericks,,,,
"Apr 15, 2020",7:30pm,,Memphis Grizzlies,Houston Rockets,,,,
"Apr 15, 2020",7:30pm,,New York Knicks,Minnesota Timberwolves,,,,
"Apr 15, 2020",7:30pm,,Toronto Raptors,Orlando Magic,,,,
"Apr 15, 2020",7:30pm,,Charlotte Hornets,Philadelphia 76ers,,,,
"Apr 15, 2020",7:30pm,,New Orleans Pelicans,San Antonio Spurs,,,,
"Apr 15, 2020",7:30pm,,Indiana Pacers,Washington Wizards,,,,
"Apr 15, 2020",10:00pm,,Los Angeles Lakers,Phoenix Suns,,,,
"Apr 15, 2020",10:00pm,,Los Angeles Clippers,Portland Trail Blazers,,,,
"Apr 15, 2020",10:00pm,,Golden State Warriors,Sacramento Kings,,,,
